d,o,h,l,c,v,s
3/5/2020 9:31,48.68,48.99,48.35,48.96,2704707,5
3/5/2020 9:32,48.96,49.09,48.77,49,564045,5
3/5/2020 9:33,49.0182,49.0182,48.74,48.89,356421,5
3/5/2020 9:34,48.89,49.08,48.66,48.7583,420294,5
3/5/2020 9:35,48.7501,49.19,48.7501,49.17,455399,5
3/5/2020 9:36,49.18,49.24,49.07,49.18,426224,5
3/5/2020 9:37,49.1799,49.55,49.16,49.5302,519712,5
3/5/2020 9:38,49.53,49.5997,49.3,49.34,508009,5
3/5/2020 9:39,49.33,49.46,49.25,49.45,293319,5
3/5/2020 9:40,49.46,49.46,49.23,49.31,278454,5
3/5/2020 9:41,49.32,49.3772,49.02,49.06,380094,5
3/5/2020 9:42,49.06,49.11,48.925,49.11,340081,5
3/5/2020 9:43,49.08,49.2,48.86,48.9507,342082,5
3/5/2020 9:44,48.955,49,48.88,48.91,215679,5
3/5/2020 9:45,48.91,49.12,48.88,49.0499,340315,5
3/5/2020 9:46,49.05,49.16,48.97,49.14,299403,5
3/5/2020 9:47,49.16,49.26,49.02,49.12,269723,5
3/5/2020 9:48,49.1298,49.19,48.9023,48.91,215056,5
3/5/2020 9:49,48.9099,48.93,48.73,48.8901,363192,5
3/5/2020 9:50,48.8918,48.9,48.71,48.759,210663,5
3/5/2020 9:51,48.7564,48.84,48.685,48.71,293954,5
3/5/2020 9:52,48.71,48.92,48.69,48.72,423298,5
3/5/2020 9:53,48.72,48.75,48.59,48.62,500249,5
3/5/2020 9:54,48.618,48.85,48.6,48.8423,324792,5
3/5/2020 9:55,48.8401,48.85,48.67,48.7675,300871,5
3/5/2020 9:56,48.77,48.86,48.6,48.615,269549,5
3/5/2020 9:57,48.63,48.645,48.5,48.51,337058,5
3/5/2020 9:58,48.52,48.58,48.43,48.56,294712,5
3/5/2020 9:59,48.56,48.71,48.53,48.66,205052,5
3/5/2020 10:00,48.66,48.85,48.63,48.81,225449,5
3/5/2020 10:01,48.805,48.96,48.66,48.87,316643,5
3/5/2020 10:02,48.875,48.94,48.84,48.93,241162,5
3/5/2020 10:03,48.9372,48.94,48.73,48.84,190632,5
3/5/2020 10:04,48.848,48.88,48.68,48.71,211199,5
3/5/2020 10:05,48.7099,48.82,48.69,48.72,181300,5
3/5/2020 10:06,48.72,48.74,48.58,48.71,174165,5
3/5/2020 10:07,48.71,48.7299,48.59,48.69,151612,5
3/5/2020 10:08,48.6923,48.72,48.5738,48.64,165835,5
3/5/2020 10:09,48.65,48.76,48.63,48.665,264385,5
3/5/2020 10:10,48.665,48.71,48.61,48.67,124196,5
3/5/2020 10:11,48.66,48.85,48.63,48.84,208930,5
3/5/2020 10:12,48.8299,48.97,48.82,48.9495,288561,5
3/5/2020 10:13,48.95,48.99,48.812,48.9,244425,5
3/5/2020 10:14,48.895,49.055,48.8902,49.03,251448,5
3/5/2020 10:15,49.03,49.15,49.03,49.0699,302466,5
3/5/2020 10:16,49.0499,49.07,49,49.05,240079,5
3/5/2020 10:17,49.04,49.05,48.9394,48.98,203439,5
3/5/2020 10:18,48.97,48.9999,48.91,48.98,145956,5
3/5/2020 10:19,48.98,49.18,48.9703,49.13,258812,5
3/5/2020 10:20,49.14,49.205,49.1212,49.15,190421,5
3/5/2020 10:21,49.1479,49.19,49.06,49.0896,177910,5
3/5/2020 10:22,49.0884,49.25,49.04,49.25,267290,5
3/5/2020 10:23,49.24,49.34,49.2007,49.235,338657,5
3/5/2020 10:24,49.2511,49.3522,49.23,49.3,188094,5
3/5/2020 10:25,49.29,49.305,49.17,49.1906,222330,5
3/5/2020 10:26,49.2,49.21,49.045,49.0899,214795,5
3/5/2020 10:27,49.0856,49.1699,49.015,49.04,171860,5
3/5/2020 10:28,49.045,49.11,49.03,49.05,102912,5
3/5/2020 10:29,49.05,49.1101,49.02,49.03,109726,5
3/5/2020 10:30,49.03,49.14,48.98,48.98,200555,5
3/5/2020 10:31,48.99,49.13,48.98,49.085,149273,5
3/5/2020 10:32,49.09,49.26,49.09,49.15,288556,5
3/5/2020 10:33,49.15,49.21,49.09,49.19,165019,5
3/5/2020 10:34,49.19,49.21,49.13,49.185,126718,5
3/5/2020 10:35,49.1842,49.25,49.16,49.245,251751,5
3/5/2020 10:36,49.24,49.25,49.15,49.1501,140398,5
3/5/2020 10:37,49.1589,49.1601,49.04,49.06,206443,5
3/5/2020 10:38,49.0616,49.12,49.04,49.1005,176398,5
3/5/2020 10:39,49.11,49.13,49.04,49.08,184808,5
3/5/2020 10:40,49.075,49.15,49.01,49.01,245635,5
3/5/2020 10:41,49.01,49.05,48.975,49.02,194382,5
3/5/2020 10:42,49.025,49.17,49,49.15,178372,5
3/5/2020 10:43,49.15,49.2,49.13,49.1812,159531,5
3/5/2020 10:44,49.1877,49.22,49.1223,49.16,112315,5
3/5/2020 10:45,49.16,49.167,49.065,49.08,119938,5
3/5/2020 10:46,49.07,49.085,49.02,49.06,105685,5
3/5/2020 10:47,49.065,49.11,49.03,49.11,102886,5
3/5/2020 10:48,49.11,49.25,49.095,49.2412,235355,5
3/5/2020 10:49,49.245,49.4153,49.24,49.3379,275142,5
3/5/2020 10:50,49.33,49.3999,49.28,49.325,177506,5
3/5/2020 10:51,49.32,49.37,49.22,49.225,188045,5
3/5/2020 10:52,49.23,49.315,49.205,49.23,240104,5
3/5/2020 10:53,49.22,49.37,49.21,49.3501,129559,5
3/5/2020 10:54,49.3598,49.47,49.33,49.4178,249141,5
3/5/2020 10:55,49.415,49.44,49.33,49.3915,255231,5
3/5/2020 10:56,49.3901,49.395,49.27,49.2897,129762,5
3/5/2020 10:57,49.285,49.315,49.18,49.23,127459,5
3/5/2020 10:58,49.225,49.24,49.1329,49.235,169748,5
3/5/2020 10:59,49.2,49.28,49.08,49.1299,226224,5
3/5/2020 11:00,49.13,49.19,49.09,49.13,151395,5
3/5/2020 11:01,49.13,49.26,49.08,49.23,201931,5
3/5/2020 11:02,49.23,49.29,49.14,49.1431,220502,5
3/5/2020 11:03,49.1496,49.1999,49.04,49.095,203885,5
3/5/2020 11:04,49.1,49.115,48.9238,48.945,271308,5
3/5/2020 11:05,48.94,48.995,48.82,48.98,257935,5
3/5/2020 11:06,48.99,49,48.975,49,8593,5
3/5/2020 11:07,49.155,49.155,49.155,49.155,473689,5
3/5/2020 11:08,49.14,49.2695,49.14,49.23,223148,5
3/5/2020 11:09,49.225,49.28,49.1401,49.25,253604,5
3/5/2020 11:10,49.255,49.29,49.22,49.2727,72811,5
3/5/2020 11:11,49.2122,49.255,49.2,49.225,170302,5
3/5/2020 11:12,49.22,49.3858,49.22,49.3572,232160,5
3/5/2020 11:13,49.3594,49.55,49.35,49.55,290588,5
3/5/2020 11:14,49.55,49.58,49.41,49.4916,286201,5
3/5/2020 11:15,49.4992,49.53,49.43,49.43,120182,5
3/5/2020 11:16,49.4201,49.47,49.4,49.42,120140,5
3/5/2020 11:17,49.417,49.49,49.39,49.47,101686,5
3/5/2020 11:18,49.4799,49.69,49.4699,49.669,273280,5
3/5/2020 11:19,49.66,49.6861,49.62,49.66,143054,5
3/5/2020 11:20,49.67,49.68,49.6127,49.629,140879,5
3/5/2020 11:21,49.6201,49.67,49.53,49.5496,188364,5
3/5/2020 11:22,49.55,49.565,49.48,49.49,154151,5
3/5/2020 11:23,49.5,49.65,49.495,49.555,172047,5
3/5/2020 11:24,49.5692,49.62,49.52,49.54,139559,5
3/5/2020 11:25,49.53,49.535,49.45,49.47,143620,5
3/5/2020 11:26,49.46,49.535,49.415,49.48,176977,5
3/5/2020 11:27,49.48,49.54,49.425,49.53,132186,5
3/5/2020 11:28,49.5236,49.72,49.51,49.6685,238225,5
3/5/2020 11:29,49.66,49.7,49.53,49.55,200354,5
3/5/2020 11:30,49.55,49.59,49.51,49.575,65326,5
3/5/2020 11:31,49.58,49.65,49.555,49.65,87625,5
3/5/2020 11:32,49.665,49.665,49.48,49.49,173710,5
3/5/2020 11:33,49.51,49.55,49.4661,49.4799,118792,5
3/5/2020 11:34,49.4733,49.58,49.455,49.53,100704,5
3/5/2020 11:35,49.521,49.545,49.44,49.44,77916,5
3/5/2020 11:36,49.44,49.45,49.35,49.37,196615,5
3/5/2020 11:37,49.37,49.4564,49.35,49.4199,211979,5
3/5/2020 11:38,49.405,49.44,49.38,49.4261,84129,5
3/5/2020 11:39,49.44,49.46,49.32,49.33,134043,5
3/5/2020 11:40,49.34,49.37,49.2405,49.2599,135960,5
3/5/2020 11:41,49.255,49.32,49.24,49.2746,114819,5
3/5/2020 11:42,49.2793,49.33,49.27,49.325,95770,5
3/5/2020 11:43,49.325,49.36,49.31,49.35,107633,5
3/5/2020 11:44,49.34,49.43,49.3328,49.3599,156566,5
3/5/2020 11:45,49.36,49.39,49.255,49.285,132688,5
3/5/2020 11:46,49.28,49.33,49.24,49.315,106752,5
3/5/2020 11:47,49.3002,49.375,49.3,49.35,96130,5
3/5/2020 11:48,49.3501,49.4,49.33,49.35,130966,5
3/5/2020 11:49,49.35,49.47,49.35,49.42,125058,5
3/5/2020 11:50,49.43,49.44,49.39,49.4399,69278,5
3/5/2020 11:51,49.43,49.46,49.3699,49.37,80562,5
3/5/2020 11:52,49.37,49.39,49.3,49.31,74829,5
3/5/2020 11:53,49.3,49.35,49.2801,49.295,66230,5
3/5/2020 11:54,49.29,49.31,49.21,49.26,115310,5
3/5/2020 11:55,49.27,49.35,49.27,49.34,60295,5
3/5/2020 11:56,49.33,49.33,49.12,49.12,196625,5
3/5/2020 11:57,49.13,49.17,48.99,49.0299,325590,5
3/5/2020 11:58,49.02,49.12,49.01,49.06,212560,5
3/5/2020 11:59,49.055,49.135,49.05,49.09,111446,5
3/5/2020 12:00,49.1,49.13,49.04,49.1,150929,5
3/5/2020 12:01,49.1064,49.1615,49.095,49.1538,121091,5
3/5/2020 12:02,49.1539,49.17,49.1,49.11,76057,5
3/5/2020 12:03,49.1001,49.11,49.035,49.04,116740,5
3/5/2020 12:04,49.04,49.065,48.95,48.985,174504,5
3/5/2020 12:05,48.99,49.05,48.94,49.01,184540,5
3/5/2020 12:06,49.01,49.0238,48.88,48.88,156091,5
3/5/2020 12:07,48.884,48.9188,48.79,48.8354,252019,5
3/5/2020 12:08,48.84,48.84,48.78,48.8078,143114,5
3/5/2020 12:09,48.8,48.83,48.73,48.7877,217902,5
3/5/2020 12:10,48.79,48.8299,48.73,48.777,128548,5
3/5/2020 12:11,48.77,48.82,48.71,48.74,192111,5
3/5/2020 12:12,48.7499,48.88,48.71,48.8499,201160,5
3/5/2020 12:13,48.85,48.91,48.8401,48.89,164776,5
3/5/2020 12:14,48.89,48.8968,48.78,48.82,110453,5
3/5/2020 12:15,48.83,48.843,48.77,48.79,70255,5
3/5/2020 12:16,48.78,48.88,48.72,48.87,121191,5
3/5/2020 12:17,48.8713,48.89,48.7946,48.8099,115180,5
3/5/2020 12:18,48.81,48.83,48.77,48.78,76387,5
3/5/2020 12:19,48.79,48.848,48.77,48.82,82670,5
3/5/2020 12:20,48.81,48.9,48.8,48.845,144450,5
3/5/2020 12:21,48.85,48.95,48.85,48.8999,159959,5
3/5/2020 12:22,48.91,48.9258,48.85,48.8802,100953,5
3/5/2020 12:23,48.88,48.885,48.77,48.87,103920,5
3/5/2020 12:24,48.8604,48.92,48.805,48.84,132096,5
3/5/2020 12:25,48.8405,48.8415,48.84,48.8415,1658,5
3/5/2020 12:30,48.94,48.94,48.9345,48.94,718764,5
3/5/2020 12:31,48.935,48.99,48.92,48.983,45625,5
3/5/2020 12:32,49.0499,49.07,49.01,49.06,294381,5
3/5/2020 12:33,49.065,49.09,49,49.015,136201,5
3/5/2020 12:34,49.0199,49.14,49.0199,49.1101,158248,5
3/5/2020 12:35,49.12,49.15,49.06,49.0961,106963,5
3/5/2020 12:36,49.1,49.15,49.075,49.098,94557,5
3/5/2020 12:37,48.99,49,48.91,48.98,198074,5
3/5/2020 12:38,48.9807,48.9807,48.8202,48.8202,199285,5
3/5/2020 12:39,48.83,48.84,48.69,48.715,235921,5
3/5/2020 12:40,48.719,48.75,48.5298,48.548,364440,5
3/5/2020 12:41,48.55,48.59,48.48,48.5801,333024,5
3/5/2020 12:42,48.5815,48.6,48.4699,48.4699,265088,5
3/5/2020 12:43,48.465,48.49,48.25,48.27,446729,5
3/5/2020 12:44,48.261,48.35,48.25,48.32,240343,5
3/5/2020 12:45,48.3211,48.3211,48.1,48.12,560643,5
3/5/2020 12:46,48.13,48.159,48.06,48.095,380562,5
3/5/2020 12:47,48.0909,48.2199,48.0909,48.1301,280653,5
3/5/2020 12:48,48.125,48.13,47.96,48.065,483236,5
3/5/2020 12:49,48.06,48.26,48.0599,48.2077,269720,5
3/5/2020 12:50,48.21,48.335,48.1798,48.2603,262837,5
3/5/2020 12:51,48.26,48.26,48.12,48.12,249391,5
3/5/2020 12:52,48.1263,48.17,48.08,48.1001,152372,5
3/5/2020 12:53,48.1137,48.32,48.1137,48.27,249892,5
3/5/2020 12:54,48.27,48.27,48.175,48.2,129730,5
3/5/2020 12:55,48.21,48.2501,48.1299,48.22,133885,5
3/5/2020 12:56,48.215,48.25,48.15,48.16,158848,5
3/5/2020 12:57,48.16,48.21,48.1,48.135,184018,5
3/5/2020 12:58,48.13,48.21,48.09,48.16,150300,5
3/5/2020 12:59,48.155,48.16,48.03,48.042,271414,5
3/5/2020 13:00,48.04,48.12,48.01,48.01,165303,5
3/5/2020 13:01,48.01,48.189,47.98,48.135,282259,5
3/5/2020 13:02,48.13,48.25,48.13,48.235,140635,5
3/5/2020 13:03,48.2348,48.26,48.12,48.13,211511,5
3/5/2020 13:04,48.1396,48.2402,48.08,48.21,183985,5
3/5/2020 13:05,48.21,48.25,48.15,48.155,159446,5
3/5/2020 13:06,48.1595,48.29,48.15,48.26,123102,5
3/5/2020 13:07,48.255,48.255,48.11,48.15,147310,5
3/5/2020 13:08,48.15,48.242,48.135,48.16,125206,5
3/5/2020 13:09,48.17,48.1888,48.07,48.09,135614,5
3/5/2020 13:10,48.09,48.1198,48,48.085,166184,5
3/5/2020 13:11,48.09,48.0995,47.88,47.9843,333480,5
3/5/2020 13:12,47.99,48.26,47.9869,48.215,229828,5
3/5/2020 13:13,48.2099,48.215,48.13,48.1495,185992,5
3/5/2020 13:14,48.16,48.1962,48.0595,48.0899,130888,5
3/5/2020 13:15,48.0887,48.13,48.07,48.1045,97524,5
3/5/2020 13:16,48.116,48.116,47.96,48,155766,5
3/5/2020 13:17,47.99,48.1876,47.965,48.15,191427,5
3/5/2020 13:18,48.13,48.17,48.08,48.08,121884,5
3/5/2020 13:19,48.08,48.16,48.02,48.055,140025,5
3/5/2020 13:20,48.06,48.16,48.04,48.13,109702,5
3/5/2020 13:21,48.12,48.1301,48.06,48.085,97734,5
3/5/2020 13:22,48.1,48.25,48.0633,48.24,178878,5
3/5/2020 13:23,48.2328,48.3703,48.2039,48.34,314861,5
3/5/2020 13:24,48.34,48.37,48.26,48.275,158571,5
3/5/2020 13:25,48.25,48.35,48.24,48.29,149762,5
3/5/2020 13:26,48.2999,48.4201,48.26,48.42,177646,5
3/5/2020 13:27,48.42,48.47,48.38,48.44,204847,5
3/5/2020 13:28,48.435,48.4899,48.38,48.425,153852,5
3/5/2020 13:29,48.42,48.439,48.3,48.345,167905,5
3/5/2020 13:30,48.33,48.46,48.33,48.45,133820,5
3/5/2020 13:31,48.46,48.49,48.3901,48.453,126661,5
3/5/2020 13:32,48.46,48.4601,48.3502,48.42,105521,5
3/5/2020 13:33,48.425,48.51,48.34,48.51,214956,5
3/5/2020 13:34,48.5,48.6,48.4,48.57,265032,5
3/5/2020 13:35,48.562,48.58,48.51,48.525,165976,5
3/5/2020 13:36,48.515,48.5837,48.515,48.55,125380,5
3/5/2020 13:37,48.54,48.6501,48.53,48.6,185661,5
3/5/2020 13:38,48.6,48.6,48.45,48.4928,199551,5
3/5/2020 13:39,48.4838,48.51,48.38,48.4175,169106,5
3/5/2020 13:40,48.4223,48.4223,48.3224,48.34,136899,5
3/5/2020 13:41,48.3489,48.39,48.25,48.25,187652,5
3/5/2020 13:42,48.26,48.34,48.25,48.33,134146,5
3/5/2020 13:43,48.3299,48.3799,48.29,48.3,102543,5
3/5/2020 13:44,48.3,48.305,48.21,48.26,135911,5
3/5/2020 13:45,48.27,48.34,48.2301,48.2402,129866,5
3/5/2020 13:46,48.2501,48.33,48.22,48.29,97613,5
3/5/2020 13:47,48.2959,48.41,48.265,48.3852,135813,5
3/5/2020 13:48,48.39,48.51,48.39,48.505,163228,5
3/5/2020 13:49,48.505,48.53,48.45,48.46,142536,5
3/5/2020 13:50,48.46,48.58,48.46,48.54,111342,5
3/5/2020 13:51,48.54,48.6264,48.52,48.5275,147715,5
3/5/2020 13:52,48.52,48.52,48.4169,48.45,165328,5
3/5/2020 13:53,48.445,48.46,48.38,48.42,78117,5
3/5/2020 13:54,48.42,48.5,48.33,48.36,186862,5
3/5/2020 13:55,48.365,48.4,48.3203,48.33,84291,5
3/5/2020 13:56,48.3314,48.41,48.3,48.33,147350,5
3/5/2020 13:57,48.31,48.39,48.27,48.275,149200,5
3/5/2020 13:58,48.28,48.3298,48.255,48.3131,94053,5
3/5/2020 13:59,48.315,48.405,48.3069,48.3452,136849,5
3/5/2020 14:00,48.35,48.38,48.28,48.35,114186,5
3/5/2020 14:01,48.335,48.335,48.18,48.205,170708,5
3/5/2020 14:02,48.21,48.25,48.1299,48.135,108204,5
3/5/2020 14:07,48.08,48.11,48.06,48.11,939629,5
3/5/2020 14:08,48.1,48.16,48.06,48.1504,99716,5
3/5/2020 14:09,48.1599,48.225,48.14,48.175,177790,5
3/5/2020 14:10,48.17,48.24,48.14,48.165,114854,5
3/5/2020 14:11,48.17,48.22,48.1,48.21,135153,5
3/5/2020 14:12,48.2093,48.2701,48.2,48.2301,134532,5
3/5/2020 14:13,48.225,48.3715,48.21,48.35,160395,5
3/5/2020 14:14,48.35,48.4,48.29,48.3795,157880,5
3/5/2020 14:15,48.38,48.4,48.275,48.29,197964,5
3/5/2020 14:16,48.29,48.29,48.17,48.2398,105850,5
3/5/2020 14:17,48.2257,48.24,48.15,48.18,89560,5
3/5/2020 14:18,48.18,48.26,48.18,48.21,94446,5
3/5/2020 14:19,48.206,48.206,48.11,48.13,131056,5
3/5/2020 14:20,48.14,48.17,48.1,48.1338,95888,5
3/5/2020 14:21,48.14,48.2,48.07,48.09,146583,5
3/5/2020 14:22,48.0895,48.1,48.01,48.07,153416,5
3/5/2020 14:23,48.065,48.11,48.05,48.0699,134622,5
3/5/2020 14:24,48.07,48.0799,48.02,48.04,120786,5
3/5/2020 14:25,48.04,48.06,47.98,47.99,186004,5
3/5/2020 14:26,47.9801,48.01,47.9129,47.9216,163986,5
3/5/2020 14:27,47.9232,47.98,47.81,47.83,510833,5
3/5/2020 14:28,47.829,47.9528,47.81,47.89,217254,5
3/5/2020 14:29,47.9,47.99,47.85,47.98,111061,5
3/5/2020 14:30,47.9755,48,47.893,47.9,126184,5
3/5/2020 14:31,47.91,48.06,47.905,48.01,139871,5
3/5/2020 14:32,48.01,48.07,47.95,48.0435,156995,5
3/5/2020 14:33,48.025,48.17,48.02,48.1448,191118,5
3/5/2020 14:34,48.14,48.15,48.07,48.12,110973,5
3/5/2020 14:35,48.12,48.14,48.06,48.1033,107714,5
3/5/2020 14:36,48.09,48.105,48.03,48.06,83691,5
3/5/2020 14:37,48.06,48.23,48.06,48.175,219137,5
3/5/2020 14:38,48.1747,48.27,48.14,48.26,134379,5
3/5/2020 14:39,48.25,48.28,48.18,48.21,137675,5
3/5/2020 14:40,48.215,48.29,48.165,48.2128,146298,5
3/5/2020 14:41,48.21,48.31,48.18,48.26,177936,5
3/5/2020 14:42,48.25,48.31,48.205,48.2125,121380,5
3/5/2020 14:43,48.215,48.25,48.2,48.2399,81928,5
3/5/2020 14:44,48.24,48.29,48.195,48.1999,81054,5
3/5/2020 14:45,48.195,48.195,48.1,48.12,169612,5
3/5/2020 14:46,48.12,48.15,48.05,48.11,139521,5
3/5/2020 14:47,48.11,48.14,48.07,48.075,69014,5
3/5/2020 14:48,48.07,48.08,48,48.0299,113945,5
3/5/2020 14:49,48.0202,48.03,47.97,48.01,145283,5
3/5/2020 14:50,48,48.15,48,48.1421,129290,5
3/5/2020 14:51,48.13,48.23,48.13,48.19,214389,5
3/5/2020 14:52,48.185,48.2499,48.17,48.2101,108344,5
3/5/2020 14:53,48.21,48.2199,48.13,48.15,77052,5
3/5/2020 14:54,48.1411,48.16,48.065,48.075,106118,5
3/5/2020 14:55,48.07,48.11,48.0102,48.015,83625,5
3/5/2020 14:56,48.02,48.1,48.01,48.065,92451,5
3/5/2020 14:57,48.055,48.14,48.055,48.09,75570,5
3/5/2020 14:58,48.095,48.17,48.05,48.145,100938,5
3/5/2020 14:59,48.1401,48.23,48.125,48.19,142713,5
3/5/2020 15:00,48.19,48.22,48.11,48.13,175153,5
3/5/2020 15:01,48.14,48.15,48.05,48.058,111621,5
3/5/2020 15:02,48.05,48.1,48.03,48.03,97678,5
3/5/2020 15:03,48.03,48.077,48.01,48.03,130725,5
3/5/2020 15:04,48.03,48.07,48.02,48.045,78847,5
3/5/2020 15:05,48.0401,48.0638,48,48.01,140083,5
3/5/2020 15:06,48.01,48.08,47.965,47.985,243112,5
3/5/2020 15:07,47.985,48.06,47.9684,48.04,202693,5
3/5/2020 15:08,48.04,48.13,48.02,48.0321,196234,5
3/5/2020 15:09,48.04,48.0491,47.98,47.9975,161432,5
3/5/2020 15:10,48,48.08,47.98,48.05,99149,5
3/5/2020 15:11,48.045,48.1401,47.86,47.9,362514,5
3/5/2020 15:12,47.89,47.91,47.8,47.8377,232970,5
3/5/2020 15:13,47.8301,47.87,47.75,47.77,301183,5
3/5/2020 15:14,47.765,47.79,47.7,47.7093,290072,5
3/5/2020 15:15,47.7,47.85,47.7,47.81,147634,5
3/5/2020 15:16,47.802,47.889,47.8,47.83,170731,5
3/5/2020 15:17,47.825,47.825,47.68,47.69,225454,5
3/5/2020 15:18,47.69,47.81,47.685,47.73,190836,5
3/5/2020 15:19,47.7334,47.8099,47.72,47.74,107915,5
3/5/2020 15:20,47.735,47.86,47.735,47.85,118627,5
3/5/2020 15:21,47.8501,47.98,47.8345,47.8898,249241,5
3/5/2020 15:22,47.9,47.915,47.77,47.77,143765,5
3/5/2020 15:23,47.77,47.8499,47.71,47.725,180375,5
3/5/2020 15:24,47.73,47.765,47.71,47.7201,110702,5
3/5/2020 15:25,47.72,47.78,47.7,47.71,190773,5
3/5/2020 15:26,47.705,47.73,47.56,47.6,489399,5
3/5/2020 15:27,47.6001,47.61,47.51,47.565,275316,5
3/5/2020 15:28,47.555,47.71,47.54,47.6467,271667,5
3/5/2020 15:29,47.645,47.76,47.64,47.685,211967,5
3/5/2020 15:30,47.685,47.71,47.6,47.61,192479,5
3/5/2020 15:31,47.62,47.64,47.53,47.64,347657,5
3/5/2020 15:32,47.64,47.825,47.63,47.79,282939,5
3/5/2020 15:33,47.78,47.87,47.755,47.82,220223,5
3/5/2020 15:34,47.82,47.95,47.78,47.925,263800,5
3/5/2020 15:35,47.93,48.18,47.92,48.06,453823,5
3/5/2020 15:36,48.055,48.08,47.9896,48.04,280025,5
3/5/2020 15:37,48.04,48.085,47.9402,47.95,194461,5
3/5/2020 15:38,47.9499,48,47.92,47.93,180992,5
3/5/2020 15:39,47.92,48.03,47.88,47.93,287547,5
3/5/2020 15:40,47.93,47.94,47.77,47.7769,285214,5
3/5/2020 15:41,47.78,47.87,47.78,47.8053,294676,5
3/5/2020 15:42,47.805,47.81,47.7399,47.755,128184,5
3/5/2020 15:43,47.7599,47.83,47.68,47.69,197574,5
3/5/2020 15:44,47.69,47.83,47.6804,47.8258,123938,5
3/5/2020 15:45,47.83,48.02,47.825,47.98,294420,5
3/5/2020 15:46,47.99,48.02,47.7858,47.79,206779,5
3/5/2020 15:47,47.85,47.945,47.835,47.945,257631,5
3/5/2020 15:48,47.94,48.01,47.85,47.94,320773,5
3/5/2020 15:49,47.9337,48.12,47.9,48.0464,343796,5
3/5/2020 15:50,48.045,48.16,48.005,48.035,391632,5
3/5/2020 15:51,48.05,48.25,47.98,48.14,609826,5
3/5/2020 15:52,48.14,48.19,48.0543,48.14,374459,5
3/5/2020 15:53,48.15,48.155,47.945,48.08,335874,5
3/5/2020 15:54,48.07,48.19,48.065,48.16,287037,5
3/5/2020 15:55,48.17,48.22,47.95,48.01,457149,5
3/5/2020 15:56,48.0101,48.08,47.875,47.99,312422,5
3/5/2020 15:57,47.995,48,47.9,47.9588,191711,5
3/5/2020 15:58,47.955,48.14,47.91,48.12,330095,5
3/5/2020 15:59,48.12,48.14,48.04,48.105,376816,5
3/5/2020 16:00,48.105,48.26,48.095,48.14,672717,5
3/6/2020 9:31,49.44,49.54,48.41,48.56,5484130,6
3/6/2020 9:32,48.5439,48.71,48.33,48.71,752498,6
3/6/2020 9:33,48.7,48.79,48.495,48.76,847436,6
3/6/2020 9:34,48.75,48.77,48.69,48.74,149660,6
3/6/2020 9:37,48.87,49.18,48.81,49.12,3235818,6
3/6/2020 9:38,49.11,49.16,48.77,48.9,599409,6
3/6/2020 9:39,48.9,48.9196,48.5858,48.605,615059,6
3/6/2020 9:40,48.59,48.74,48.26,48.26,815432,6
3/6/2020 9:41,48.26,48.27,47.92,48.055,1110617,6
3/6/2020 9:42,48.0599,48.06,47.775,47.89,544717,6
3/6/2020 9:43,47.8898,47.9699,47.75,47.75,574393,6
3/6/2020 9:44,47.76,48.039,47.66,47.9862,739814,6
3/6/2020 9:45,47.8,47.8,47.76,47.76,507569,6
3/6/2020 9:46,47.74,47.74,47.721,47.721,423606,6
3/6/2020 9:47,47.71,47.7399,47.61,47.7399,500979,6
3/6/2020 9:48,47.7,47.79,47.7,47.79,353909,6
3/6/2020 9:49,47.7327,47.82,47.5195,47.5195,474782,6
3/6/2020 9:50,47.63,47.63,47.3656,47.3656,492956,6
3/6/2020 9:51,47.41,47.41,47.35,47.35,638483,6
3/6/2020 9:52,47.37,47.47,47.2,47.2,459096,6
3/6/2020 9:53,47.2688,47.2688,47.1566,47.1566,467628,6
3/6/2020 9:54,47.16,47.16,47,47,870340,6
3/6/2020 9:55,46.88,47.16,46.88,47.16,585317,6
3/6/2020 9:56,47.13,47.265,47.13,47.265,384823,6
3/6/2020 9:57,47.37,47.43,47.37,47.43,493082,6
3/6/2020 9:58,47.38,47.42,47.38,47.42,354069,6
3/6/2020 9:59,47.3899,47.79,47.3899,47.79,675646,6
3/6/2020 10:00,47.62,47.83,47.58,47.6,520109,6
3/6/2020 10:01,47.61,47.81,47.55,47.8,436652,6
3/6/2020 10:02,47.7963,47.9,47.7501,47.76,432495,6
3/6/2020 10:03,47.7735,47.85,47.7,47.84,250047,6
3/6/2020 10:04,47.8454,47.91,47.7171,47.76,298837,6
3/6/2020 10:05,47.76,47.77,47.51,47.7088,343696,6
3/6/2020 10:06,47.715,47.95,47.715,47.7752,419913,6
3/6/2020 10:07,47.77,47.87,47.45,47.45,352592,6
3/6/2020 10:08,47.45,47.4701,47.2901,47.4099,415624,6
3/6/2020 10:09,47.4001,47.61,47.31,47.52,295278,6
3/6/2020 10:10,47.51,47.55,47.4,47.43,204564,6
3/6/2020 10:11,47.4294,47.49,47.27,47.43,281270,6
3/6/2020 10:12,47.4397,47.72,47.3656,47.56,331222,6
3/6/2020 10:13,47.56,47.63,47.43,47.5979,255223,6
3/6/2020 10:14,47.6005,47.669,47.52,47.5938,215110,6
3/6/2020 10:15,47.6,47.68,47.5299,47.65,183869,6
3/6/2020 10:16,47.6522,47.73,47.62,47.7087,294738,6
3/6/2020 10:17,47.7,47.99,47.7,47.97,368633,6
3/6/2020 10:18,47.97,47.9727,47.8082,47.855,306602,6
3/6/2020 10:19,47.86,47.94,47.7551,47.9399,234961,6
3/6/2020 10:20,47.93,48,47.79,47.79,363754,6
3/6/2020 10:21,47.79,47.94,47.775,47.835,246312,6
3/6/2020 10:22,47.83,47.91,47.83,47.87,38498,6
3/6/2020 10:25,47.924,48.08,47.92,48.07,1080489,6
3/6/2020 10:26,48.06,48.23,48.02,48.23,730244,6
3/6/2020 10:27,48.23,48.39,48.22,48.345,521567,6
3/6/2020 10:28,48.3499,48.525,48.34,48.525,526733,6
3/6/2020 10:29,48.52,48.5299,48.425,48.43,453850,6
3/6/2020 10:30,48.43,48.43,48.2099,48.38,588250,6
3/6/2020 10:31,48.38,48.61,48.38,48.6,545962,6
3/6/2020 10:32,48.5989,48.65,48.48,48.54,440809,6
3/6/2020 10:33,48.54,48.57,48.32,48.34,292633,6
3/6/2020 10:34,48.338,48.4379,48.2426,48.2674,293674,6
3/6/2020 10:35,48.26,48.35,48.17,48.23,339657,6
3/6/2020 10:36,48.2296,48.38,48.2,48.35,358024,6
3/6/2020 10:37,48.3505,48.55,48.35,48.515,373348,6
3/6/2020 10:38,48.7,48.7,48.7,48.7,456531,6
3/6/2020 10:39,48.7,48.91,48.66,48.9,514544,6
3/6/2020 10:40,48.895,48.975,48.84,48.94,333645,6
3/6/2020 10:41,48.94,48.985,48.86,48.91,341419,6
3/6/2020 10:42,48.914,49.05,48.85,49.03,508786,6
3/6/2020 10:43,49.04,49.18,48.99,49.175,541894,6
3/6/2020 10:44,49.1637,49.18,48.95,48.98,410636,6
3/6/2020 10:45,48.99,48.99,48.81,48.8499,481093,6
3/6/2020 10:46,48.85,48.93,48.64,48.66,483769,6
3/6/2020 10:47,48.66,48.755,48.63,48.7199,244065,6
3/6/2020 10:48,48.7182,48.86,48.7,48.74,312335,6
3/6/2020 10:49,48.74,48.745,48.55,48.63,316615,6
3/6/2020 10:50,48.6031,48.71,48.53,48.65,299052,6
3/6/2020 10:51,48.655,48.799,48.6527,48.75,274934,6
3/6/2020 10:52,48.75,48.8,48.56,48.67,280289,6
3/6/2020 10:53,48.67,48.7,48.51,48.54,263749,6
3/6/2020 10:54,48.525,48.565,48.47,48.515,262888,6
3/6/2020 10:55,48.5179,48.61,48.48,48.575,164469,6
3/6/2020 10:56,48.5762,48.6099,48.47,48.5501,208656,6
3/6/2020 10:57,48.56,48.725,48.5499,48.68,338467,6
3/6/2020 10:58,48.6761,48.71,48.48,48.56,304416,6
3/6/2020 10:59,48.545,48.55,48.36,48.45,236022,6
3/6/2020 11:00,48.4478,48.62,48.44,48.6,215602,6
3/6/2020 11:01,48.6,48.65,48.4715,48.6262,210165,6
3/6/2020 11:02,48.56,48.58,48.56,48.58,227537,6
3/6/2020 11:03,48.59,48.63,48.43,48.5,216318,6
3/6/2020 11:04,48.52,48.55,48.3,48.325,243003,6
3/6/2020 11:05,48.32,48.38,48.28,48.339,230195,6
3/6/2020 11:06,48.33,48.42,48.26,48.3,184902,6
3/6/2020 11:07,48.31,48.395,48.26,48.3684,139295,6
3/6/2020 11:08,48.3674,48.3674,48.23,48.24,191726,6
3/6/2020 11:09,48.2498,48.2498,48.05,48.0599,355727,6
3/6/2020 11:10,48.056,48.1099,47.94,48.0386,493846,6
3/6/2020 11:11,48.03,48.035,47.9305,47.98,109771,6
3/6/2020 11:14,48.13,48.15,48.03,48.06,789132,6
3/6/2020 11:15,48.04,48.06,47.88,47.9428,305304,6
3/6/2020 11:16,47.9528,47.9601,47.81,47.88,248353,6
3/6/2020 11:17,47.87,48.06,47.85,48.05,252053,6
3/6/2020 11:18,48.055,48.165,48.03,48.0699,304976,6
3/6/2020 11:19,48.065,48.1298,47.96,48,137739,6
3/6/2020 11:20,48,48.055,47.96,48,96394,6
3/6/2020 11:21,47.9701,47.9701,47.9701,47.9701,204055,6
3/6/2020 11:22,47.975,48.05,47.89,47.895,135063,6
3/6/2020 11:23,47.88,47.915,47.755,47.85,241424,6
3/6/2020 11:24,47.84,47.9,47.8,47.889,225991,6
3/6/2020 11:25,47.885,47.98,47.86,47.92,200014,6
3/6/2020 11:26,47.915,47.97,47.86,47.94,263075,6
3/6/2020 11:27,47.94,48.17,47.94,48.135,369873,6
3/6/2020 11:28,48.14,48.14,47.95,48,381153,6
3/6/2020 11:29,48.005,48.05,47.94,47.9805,229822,6
3/6/2020 11:30,47.985,48.11,47.95,48.08,221013,6
3/6/2020 11:31,48.08,48.15,48.015,48.13,341164,6
3/6/2020 11:32,48.13,48.2,48.09,48.12,293563,6
3/6/2020 11:33,48.12,48.125,48.02,48.04,217661,6
3/6/2020 11:34,48.04,48.23,48.02,48.115,358535,6
3/6/2020 11:35,48.115,48.15,47.98,48.02,293761,6
3/6/2020 11:36,48.01,48.06,47.96,47.96,187305,6
3/6/2020 11:37,47.96,47.98,47.86,47.89,330286,6
3/6/2020 11:38,47.9,48,47.86,47.87,203206,6
3/6/2020 11:39,47.87,47.8799,47.76,47.85,247215,6
3/6/2020 11:40,47.86,47.9397,47.795,47.92,141649,6
3/6/2020 11:41,47.92,47.93,47.73,47.76,201264,6
3/6/2020 11:42,47.7601,47.815,47.66,47.7172,263228,6
3/6/2020 11:43,47.71,47.77,47.64,47.67,172069,6
3/6/2020 11:44,47.67,47.68,47.61,47.62,147016,6
3/6/2020 11:45,47.615,47.63,47.51,47.55,210681,6
3/6/2020 11:46,47.56,47.59,47.42,47.42,347689,6
3/6/2020 11:47,47.4273,47.51,47.37,47.5,309870,6
3/6/2020 11:48,47.495,47.4991,47.4185,47.47,185033,6
3/6/2020 11:49,47.47,47.53,47.3701,47.42,263794,6
3/6/2020 11:50,47.41,47.42,47.36,47.4,146166,6
3/6/2020 11:51,47.4,47.56,47.37,47.4702,299185,6
3/6/2020 11:52,47.48,47.5245,47.43,47.44,153228,6
3/6/2020 11:53,47.43,47.56,47.4,47.5299,189740,6
3/6/2020 11:54,47.53,47.5694,47.47,47.545,186736,6
3/6/2020 11:55,47.53,47.61,47.51,47.56,141760,6
3/6/2020 11:56,47.566,47.566,47.46,47.49,113946,6
3/6/2020 11:57,47.4899,47.49,47.35,47.38,260933,6
3/6/2020 11:58,47.375,47.5021,47.3,47.43,250622,6
3/6/2020 11:59,47.41,47.49,47.39,47.41,90061,6
3/6/2020 12:00,47.4,47.43,47.35,47.35,192581,6
3/6/2020 12:01,47.35,47.45,47.2085,47.27,297844,6
3/6/2020 12:02,47.26,47.3,47.195,47.2199,142943,6
3/6/2020 12:03,47.2099,47.32,47.2099,47.2735,129987,6
3/6/2020 12:04,47.28,47.35,47.17,47.18,190951,6
3/6/2020 12:05,47.1864,47.26,47.17,47.2333,144573,6
3/6/2020 12:06,47.23,47.2648,47.18,47.19,74229,6
3/6/2020 12:07,47.19,47.36,47.13,47.34,283126,6
3/6/2020 12:08,47.3499,47.4081,47.2989,47.31,149448,6
3/6/2020 12:09,47.31,47.36,47.275,47.33,107839,6
3/6/2020 12:10,47.32,47.4088,47.2959,47.304,193954,6
3/6/2020 12:11,47.3042,47.36,47.28,47.3502,106547,6
3/6/2020 12:12,47.36,47.47,47.33,47.345,173071,6
3/6/2020 12:13,47.3405,47.39,47.29,47.32,96027,6
3/6/2020 12:14,47.33,47.47,47.33,47.425,154202,6
3/6/2020 12:15,47.42,47.49,47.3975,47.43,122552,6
3/6/2020 12:16,47.43,47.64,47.41,47.61,209206,6
3/6/2020 12:17,47.615,47.7016,47.58,47.65,261943,6
3/6/2020 12:18,47.6505,47.69,47.565,47.5799,163044,6
3/6/2020 12:19,47.578,47.6315,47.52,47.5202,129353,6
3/6/2020 12:20,47.52,47.57,47.46,47.475,204711,6
3/6/2020 12:21,47.47,47.61,47.46,47.57,130967,6
3/6/2020 12:22,47.57,47.62,47.5,47.53,111583,6
3/6/2020 12:23,47.535,47.62,47.4801,47.53,136023,6
3/6/2020 12:24,47.53,47.56,47.42,47.4635,156473,6
3/6/2020 12:25,47.4601,47.4845,47.36,47.39,134300,6
3/6/2020 12:26,47.38,47.385,47.27,47.3199,157228,6
3/6/2020 12:27,47.31,47.3599,47.295,47.31,82231,6
3/6/2020 12:28,47.3119,47.33,47.26,47.31,74787,6
3/6/2020 12:29,47.32,47.44,47.3,47.415,150999,6
3/6/2020 12:30,47.415,47.48,47.32,47.387,146351,6
3/6/2020 12:35,47.505,47.63,47.505,47.6211,762172,6
3/6/2020 12:36,47.62,47.66,47.55,47.615,190420,6
3/6/2020 12:37,47.615,47.75,47.58,47.7393,228828,6
3/6/2020 12:38,47.74,47.89,47.7399,47.85,330041,6
3/6/2020 12:39,47.84,47.965,47.76,47.8,321708,6
3/6/2020 12:40,47.8054,47.8198,47.73,47.745,139191,6
3/6/2020 12:41,47.75,47.78,47.6998,47.74,148463,6
3/6/2020 12:42,47.74,47.88,47.74,47.745,158223,6
3/6/2020 12:43,47.7403,47.82,47.7,47.78,96053,6
3/6/2020 12:44,47.77,47.9,47.7406,47.89,138198,6
3/6/2020 12:45,47.89,48.01,47.85,47.99,266591,6
3/6/2020 12:46,47.99,48.06,47.95,47.99,268971,6
3/6/2020 12:47,47.99,48.005,47.86,47.9,175063,6
3/6/2020 12:48,47.89,47.9,47.8,47.805,100337,6
3/6/2020 12:49,47.81,47.81,47.7498,47.805,127962,6
3/6/2020 12:50,47.8099,47.9,47.77,47.77,130078,6
3/6/2020 12:51,47.77,47.77,47.68,47.75,113370,6
3/6/2020 12:52,47.74,47.85,47.71,47.82,108421,6
3/6/2020 12:53,47.8268,47.87,47.76,47.8166,87686,6
3/6/2020 12:54,47.8092,47.82,47.75,47.77,65248,6
3/6/2020 12:55,47.7699,47.78,47.72,47.74,73766,6
3/6/2020 12:56,47.74,47.81,47.68,47.7,105307,6
3/6/2020 12:57,47.7,47.705,47.59,47.63,138270,6
3/6/2020 12:58,47.62,47.71,47.57,47.57,228075,6
3/6/2020 12:59,47.56,47.64,47.55,47.5892,118257,6
3/6/2020 13:00,47.586,47.7,47.57,47.6,187838,6
3/6/2020 13:01,47.6001,47.68,47.58,47.62,69966,6
3/6/2020 13:02,47.6104,47.69,47.58,47.665,158464,6
3/6/2020 13:03,47.66,47.68,47.5822,47.6599,108131,6
3/6/2020 13:04,47.6503,47.72,47.607,47.68,112786,6
3/6/2020 13:05,47.68,47.74,47.6353,47.6353,102207,6
3/6/2020 13:06,47.645,47.755,47.63,47.72,132568,6
3/6/2020 13:07,47.715,47.745,47.67,47.73,125818,6
3/6/2020 13:08,47.72,47.72,47.66,47.6685,43284,6
3/6/2020 13:22,47.59,47.62,47.56,47.59,1646992,6
3/6/2020 13:23,47.595,47.61,47.5398,47.5398,121438,6
3/6/2020 13:24,47.54,47.69,47.515,47.675,269873,6
3/6/2020 13:25,47.68,47.71,47.62,47.64,153986,6
3/6/2020 13:26,47.6427,47.6456,47.5,47.5365,171352,6
3/6/2020 13:27,47.5361,47.55,47.45,47.46,101195,6
3/6/2020 13:28,47.46,47.5,47.42,47.4399,90542,6
3/6/2020 13:29,47.44,47.48,47.38,47.4184,121291,6
3/6/2020 13:30,47.42,47.45,47.362,47.43,73229,6
3/6/2020 13:31,47.42,47.54,47.39,47.51,133753,6
3/6/2020 13:32,47.51,47.52,47.37,47.44,128079,6
3/6/2020 13:33,47.445,47.46,47.36,47.41,83427,6
3/6/2020 13:34,47.4,47.4298,47.28,47.29,143371,6
3/6/2020 13:35,47.29,47.33,47.25,47.27,167767,6
3/6/2020 13:36,47.2796,47.33,47.26,47.3,104415,6
3/6/2020 13:37,47.3,47.31,47.25,47.255,125052,6
3/6/2020 13:38,47.25,47.3193,47.23,47.285,103390,6
3/6/2020 13:39,47.2855,47.3299,47.2504,47.32,77596,6
3/6/2020 13:40,47.31,47.45,47.29,47.42,114156,6
3/6/2020 13:41,47.42,47.52,47.3945,47.5,132848,6
3/6/2020 13:42,47.49,47.505,47.383,47.48,172558,6
3/6/2020 13:43,47.47,47.4797,47.34,47.38,78900,6
3/6/2020 13:44,47.38,47.385,47.29,47.3064,71705,6
3/6/2020 13:45,47.318,47.335,47.28,47.29,60800,6
3/6/2020 13:46,47.295,47.3,47.18,47.2,185572,6
3/6/2020 13:47,47.19,47.21,47.135,47.14,121903,6
3/6/2020 13:48,47.13,47.21,47.11,47.11,192159,6
3/6/2020 13:49,47.12,47.15,47.03,47.075,277325,6
3/6/2020 13:50,47.07,47.08,46.98,47.04,458913,6
3/6/2020 13:51,47.04,47.16,47,47.1,157134,6
3/6/2020 13:52,47.1,47.11,47.03,47.0659,101203,6
3/6/2020 13:53,47.06,47.065,47,47.027,115550,6
3/6/2020 13:54,47.0228,47.09,47.01,47.084,108154,6
3/6/2020 13:55,47.07,47.0798,47,47,90521,6
3/6/2020 13:56,47.0199,47.15,47.0199,47.1,164009,6
3/6/2020 13:57,47.1,47.13,47.06,47.07,93418,6
3/6/2020 13:58,47.07,47.08,47,47.08,118739,6
3/6/2020 13:59,47.08,47.1392,47.02,47.035,89539,6
3/6/2020 14:00,47.04,47.11,47.03,47.06,109321,6
3/6/2020 14:01,47.07,47.08,46.95,46.95,208137,6
3/6/2020 14:02,46.955,47.091,46.94,47.05,162456,6
3/6/2020 14:03,47.045,47.06,46.96,46.98,76749,6
3/6/2020 14:04,46.98,47.08,46.9462,47.01,151762,6
3/6/2020 14:05,47.005,47.02,46.92,46.99,120394,6
3/6/2020 14:06,46.99,47.07,46.98,47.04,117365,6
3/6/2020 14:07,47.03,47.04,46.96,46.995,108192,6
3/6/2020 14:08,47,47.05,46.96,46.99,67529,6
3/6/2020 14:09,46.985,47,46.9,46.92,205760,6
3/6/2020 14:10,46.92,46.96,46.88,46.89,179972,6
3/6/2020 14:11,46.8916,46.9793,46.85,46.97,242601,6
3/6/2020 14:12,46.9774,46.98,46.86,46.9558,109437,6
3/6/2020 14:13,46.9499,47,46.92,46.9714,103977,6
3/6/2020 14:14,46.98,46.99,46.91,46.93,137516,6
3/6/2020 14:15,46.9227,47,46.91,46.94,90170,6
3/6/2020 14:16,46.94,46.975,46.91,46.975,39902,6
3/6/2020 14:17,46.97,47.05,46.93,46.95,116670,6
3/6/2020 14:18,46.95,46.98,46.94,46.96,59220,6
3/6/2020 14:19,46.95,47.02,46.95,47.0158,67396,6
3/6/2020 14:20,47.015,47.12,47.0001,47.075,175207,6
3/6/2020 14:21,47.08,47.1,47.05,47.085,86143,6
3/6/2020 14:22,47.08,47.13,47.06,47.105,101079,6
3/6/2020 14:23,47.11,47.125,47.02,47.02,100806,6
3/6/2020 14:24,47.02,47.12,47.02,47.08,99300,6
3/6/2020 14:25,47.08,47.1669,47.06,47.123,186631,6
3/6/2020 14:26,47.12,47.23,47.12,47.19,150670,6
3/6/2020 14:27,47.18,47.29,47.18,47.28,192545,6
3/6/2020 14:28,47.2866,47.3,47.22,47.26,174879,6
3/6/2020 14:29,47.26,47.29,47.24,47.26,88694,6
3/6/2020 14:30,47.27,47.288,47.16,47.2099,136900,6
3/6/2020 14:31,47.205,47.27,47.17,47.21,109587,6
3/6/2020 14:32,47.205,47.25,47.15,47.18,119238,6
3/6/2020 14:33,47.18,47.2077,47.075,47.105,82302,6
3/6/2020 14:34,47.105,47.115,47.06,47.1062,133913,6
3/6/2020 14:35,47.11,47.12,46.9971,47,152965,6
3/6/2020 14:36,46.995,47.015,46.96,46.96,165841,6
3/6/2020 14:37,46.96,47.01,46.88,46.89,151615,6
3/6/2020 14:38,46.9,46.9184,46.85,46.865,144029,6
3/6/2020 14:39,46.86,46.93,46.85,46.9,96197,6
3/6/2020 14:40,46.91,46.91,46.75,46.78,340914,6
3/6/2020 14:41,46.79,46.8347,46.74,46.8166,176617,6
3/6/2020 14:42,46.81,46.89,46.8,46.86,114404,6
3/6/2020 14:43,46.87,46.99,46.85,46.985,155960,6
3/6/2020 14:44,46.975,47.16,46.97,47.15,230643,6
3/6/2020 14:45,47.145,47.1599,47.06,47.09,155595,6
3/6/2020 14:46,47.0899,47.21,47.08,47.1906,195993,6
3/6/2020 14:47,47.195,47.195,47.11,47.14,133403,6
3/6/2020 14:48,47.145,47.17,47.08,47.125,95256,6
3/6/2020 14:49,47.13,47.184,47.07,47.09,172200,6
3/6/2020 14:50,47.09,47.09,46.99,47.04,196842,6
3/6/2020 14:51,47.03,47.11,47.03,47.105,126356,6
3/6/2020 14:52,47.11,47.2,47.09,47.1006,155079,6
3/6/2020 14:53,47.105,47.165,47.1,47.12,92920,6
3/6/2020 14:54,47.11,47.14,47.09,47.135,89293,6
3/6/2020 14:55,47.13,47.16,47.0999,47.135,79210,6
3/6/2020 14:56,47.135,47.29,47.13,47.29,231628,6
3/6/2020 14:57,47.28,47.33,47.28,47.295,198845,6
3/6/2020 14:58,47.29,47.29,47.22,47.26,156603,6
3/6/2020 14:59,47.2501,47.37,47.25,47.36,187546,6
3/6/2020 15:00,47.36,47.3727,47.2,47.205,181503,6
3/6/2020 15:01,47.2,47.29,47.16,47.1727,180200,6
3/6/2020 15:02,47.175,47.225,47.0884,47.0884,204921,6
3/6/2020 15:03,47.08,47.1014,47.0199,47.0299,177273,6
3/6/2020 15:04,47.03,47.0664,47,47.06,120705,6
3/6/2020 15:05,47.0617,47.1393,47.04,47.07,116811,6
3/6/2020 15:06,47.07,47.0836,46.9548,47.02,207864,6
3/6/2020 15:07,47.025,47.08,46.98,47.03,81302,6
3/6/2020 15:08,47.0299,47.0299,46.96,46.98,139961,6
3/6/2020 15:09,46.98,47.04,46.98,47.015,132781,6
3/6/2020 15:10,47.015,47.06,46.9921,47.015,120355,6
3/6/2020 15:11,47.015,47.16,47,47.095,196166,6
3/6/2020 15:12,47.1,47.18,47.07,47.16,181534,6
3/6/2020 15:13,47.155,47.34,47.15,47.34,221925,6
3/6/2020 15:14,47.34,47.3458,47.1699,47.175,251783,6
3/6/2020 15:15,47.17,47.17,47.1,47.1,139156,6
3/6/2020 15:16,47.0912,47.2,47.07,47.12,196273,6
3/6/2020 15:17,47.12,47.24,47.12,47.21,150746,6
3/6/2020 15:18,47.2,47.26,47.1844,47.1844,128933,6
3/6/2020 15:19,47.1801,47.43,47.1801,47.43,283997,6
3/6/2020 15:20,47.43,47.505,47.405,47.485,341912,6
3/6/2020 15:21,47.48,47.5,47.38,47.395,253236,6
3/6/2020 15:22,47.4,47.55,47.39,47.5101,271185,6
3/6/2020 15:23,47.52,47.5239,47.405,47.405,160321,6
3/6/2020 15:24,47.4,47.4399,47.35,47.3793,180120,6
3/6/2020 15:25,47.37,47.53,47.37,47.52,223714,6
3/6/2020 15:26,47.52,47.6,47.48,47.52,245927,6
3/6/2020 15:27,47.518,47.56,47.42,47.42,206262,6
3/6/2020 15:28,47.415,47.55,47.415,47.44,179787,6
3/6/2020 15:29,47.44,47.48,47.26,47.3,234454,6
3/6/2020 15:30,47.29,47.3652,47.25,47.26,144189,6
3/6/2020 15:31,47.26,47.53,47.17,47.53,302242,6
3/6/2020 15:32,47.53,47.645,47.49,47.52,440334,6
3/6/2020 15:33,47.51,47.73,47.49,47.67,295411,6
3/6/2020 15:34,47.67,47.68,47.5582,47.64,268117,6
3/6/2020 15:35,47.64,47.73,47.57,47.6,299016,6
3/6/2020 15:36,47.61,47.78,47.59,47.6502,524316,6
3/6/2020 15:37,47.651,47.705,47.59,47.6,240893,6
3/6/2020 15:38,47.6,47.679,47.51,47.52,231160,6
3/6/2020 15:39,47.52,47.575,47.43,47.5391,261216,6
3/6/2020 15:40,47.5391,47.5803,47.31,47.36,278146,6
3/6/2020 15:41,47.365,47.45,47.335,47.44,141831,6
3/6/2020 15:42,47.44,47.62,47.4,47.58,246505,6
3/6/2020 15:43,47.5858,47.61,47.43,47.435,191515,6
3/6/2020 15:44,47.42,47.64,47.42,47.61,212021,6
3/6/2020 15:45,47.6,47.75,47.54,47.75,318748,6
3/6/2020 15:46,47.74,47.91,47.71,47.89,471121,6
3/6/2020 15:47,47.89,47.96,47.83,47.865,557549,6
3/6/2020 15:48,47.87,47.96,47.7558,47.93,397849,6
3/6/2020 15:49,47.93,47.9601,47.79,47.94,262728,6
3/6/2020 15:50,47.94,48.0843,47.8801,48.0158,473706,6
3/6/2020 15:51,48.02,48.2,48.02,48.2,589775,6
3/6/2020 15:52,48.193,48.38,48.1801,48.36,536400,6
3/6/2020 15:53,48.365,48.4162,48.25,48.29,593402,6
3/6/2020 15:54,48.3,48.45,48.28,48.44,446605,6
3/6/2020 15:55,48.43,48.45,48.33,48.4,520180,6
3/6/2020 15:56,48.4,48.48,48.32,48.33,572253,6
3/6/2020 15:57,48.3501,48.53,48.34,48.505,631465,6
3/6/2020 15:58,48.52,48.7,48.51,48.59,673667,6
3/6/2020 15:59,48.585,48.72,48.5399,48.64,700393,6
3/6/2020 16:00,48.65,48.76,48.58,48.6,1159488,6
3/9/2020 9:31,43.0437,43.9045,42.927,43.4238,3739782,9
3/9/2020 9:32,43.4,43.7993,43.35,43.3534,499936,9
3/9/2020 9:33,43.35,43.82,43.2101,43.62,378229,9
3/9/2020 9:34,43.6499,43.9985,43.64,43.92,394627,9
3/9/2020 9:35,43.9581,43.9602,43.7,43.7101,86909,9
3/9/2020 9:50,43.74,43.75,43.74,43.75,391316,9
3/9/2020 9:51,43.54,43.545,43.54,43.545,381095,9
3/9/2020 9:52,43.5,44.155,43.5,44.155,507381,9
3/9/2020 9:53,44.145,44.3999,44.1,44.3999,332237,9
3/9/2020 9:54,44.4,44.89,44.4,44.89,454023,9
3/9/2020 9:55,44.845,44.845,44.6366,44.6366,301622,9
3/9/2020 9:56,44.36,45.07,44.36,45.07,465082,9
3/9/2020 9:57,45.0329,45.57,45.0329,45.57,424918,9
3/9/2020 9:58,45.79,45.79,45.62,45.62,523412,9
3/9/2020 9:59,45.6101,45.6101,45.29,45.29,293038,9
3/9/2020 10:00,45.65,45.69,45.32,45.37,282086,9
3/9/2020 10:01,45.33,45.6,45.17,45.55,237231,9
3/9/2020 10:02,45.52,45.7,45.44,45.48,260795,9
3/9/2020 10:03,45.48,45.4899,44.95,44.9799,374823,9
3/9/2020 10:04,44.98,44.98,44.3,44.4401,338753,9
3/9/2020 10:05,44.455,44.62,44.01,44.02,333914,9
3/9/2020 10:06,44.01,44.8497,44,44.84,429333,9
3/9/2020 10:07,44.8301,45.09,44.6801,45.0799,337938,9
3/9/2020 10:08,45.08,45.17,44.78,45.13,264700,9
3/9/2020 10:09,45.14,45.23,44.96,45.16,225099,9
3/9/2020 10:10,45.195,45.39,45.08,45.3301,232146,9
3/9/2020 10:11,45.3101,45.37,44.95,44.9905,233364,9
3/9/2020 10:12,44.96,45.02,44.7401,44.92,255304,9
3/9/2020 10:13,44.92,44.9798,44.7,44.7531,229717,9
3/9/2020 10:14,44.76,44.8433,44.59,44.62,153746,9
3/9/2020 10:15,44.6,44.67,44.53,44.6598,169213,9
3/9/2020 10:16,44.6699,45.14,44.66,45.08,280217,9
3/9/2020 10:17,45.0899,45.18,45,45.003,149047,9
3/9/2020 10:18,45.005,45.08,44.81,44.99,218231,9
3/9/2020 10:19,45,45.25,44.9601,45.1,207442,9
3/9/2020 10:20,45.1,45.2362,45.01,45.09,143893,9
3/9/2020 10:21,45.07,45.15,45,45.07,118138,9
3/9/2020 10:22,45.06,45.12,44.84,44.8562,217101,9
3/9/2020 10:23,44.84,44.9,44.66,44.89,185652,9
3/9/2020 10:24,44.8999,45.08,44.88,45.015,221301,9
3/9/2020 10:25,45.0199,45.05,44.82,44.85,196900,9
3/9/2020 10:26,44.875,44.985,44.8,44.8001,108136,9
3/9/2020 10:27,44.8073,44.98,44.72,44.93,198159,9
3/9/2020 10:28,44.9501,45.15,44.84,45.08,220307,9
3/9/2020 10:29,45.0701,45.1399,44.82,44.85,167831,9
3/9/2020 10:30,44.84,45.075,44.835,45.0501,114160,9
3/9/2020 10:31,45.06,45.13,44.99,45.0001,155125,9
3/9/2020 10:32,45,45.3,45,45.259,283424,9
3/9/2020 10:33,45.25,45.39,45.15,45.3099,212527,9
3/9/2020 10:34,45.31,45.55,45.2,45.5101,277549,9
3/9/2020 10:35,45.52,45.635,45.23,45.4,250975,9
3/9/2020 10:36,45.42,45.43,45.17,45.2019,194703,9
3/9/2020 10:37,45.2099,45.22,45.01,45.075,189088,9
3/9/2020 10:38,45.05,45.3101,45.0399,45.2401,144674,9
3/9/2020 10:39,45.245,45.38,45.1,45.24,137620,9
3/9/2020 10:40,45.2399,45.3,45.1199,45.229,108354,9
3/9/2020 10:41,45.22,45.44,45.16,45.36,187663,9
3/9/2020 10:42,45.381,45.43,45.2597,45.26,105547,9
3/9/2020 10:43,45.26,45.26,45.0601,45.0601,139779,9
3/9/2020 10:44,45.06,45.0797,44.9301,45.02,185183,9
3/9/2020 10:45,45.005,45.2399,45.005,45.04,134960,9
3/9/2020 10:46,45.05,45.14,44.8,44.83,199869,9
3/9/2020 10:47,44.85,44.95,44.73,44.75,180091,9
3/9/2020 10:48,44.73,44.85,44.7,44.71,108855,9
3/9/2020 10:49,44.71,44.7589,44.64,44.69,152127,9
3/9/2020 10:50,44.6801,44.83,44.64,44.68,92782,9
3/9/2020 10:51,44.672,44.672,44.5,44.58,206773,9
3/9/2020 10:52,44.575,44.7699,44.5701,44.68,141435,9
3/9/2020 10:53,44.6761,44.71,44.5482,44.585,132310,9
3/9/2020 10:54,44.58,44.69,44.53,44.685,114395,9
3/9/2020 10:55,44.675,44.72,44.63,44.68,107701,9
3/9/2020 10:56,44.67,44.77,44.65,44.77,114809,9
3/9/2020 10:57,44.77,44.77,44.65,44.67,98890,9
3/9/2020 10:58,44.67,44.67,44.55,44.64,158715,9
3/9/2020 10:59,44.64,44.97,44.625,44.8668,229944,9
3/9/2020 11:00,44.865,44.9,44.73,44.735,110550,9
3/9/2020 11:01,44.74,44.765,44.61,44.73,107666,9
3/9/2020 11:02,44.74,44.75,44.6,44.628,92255,9
3/9/2020 11:03,44.62,44.73,44.52,44.7001,193687,9
3/9/2020 11:04,44.7,44.7099,44.54,44.65,97703,9
3/9/2020 11:05,44.649,44.66,44.5,44.58,95662,9
3/9/2020 11:06,44.58,44.62,44.51,44.595,89352,9
3/9/2020 11:07,44.6,44.618,44.41,44.45,196949,9
3/9/2020 11:08,44.44,44.55,44.405,44.447,149591,9
3/9/2020 11:09,44.445,44.4901,44.3,44.32,130441,9
3/9/2020 11:10,44.325,44.485,44.31,44.48,103433,9
3/9/2020 11:11,44.4796,44.65,44.4209,44.5901,192117,9
3/9/2020 11:12,44.5904,44.69,44.585,44.68,147522,9
3/9/2020 11:13,44.6501,44.79,44.6501,44.77,194280,9
3/9/2020 11:14,44.76,44.85,44.75,44.8,156655,9
3/9/2020 11:15,44.805,44.89,44.68,44.86,177770,9
3/9/2020 11:16,44.8586,44.95,44.8001,44.88,155529,9
3/9/2020 11:17,44.8773,45.0795,44.87,44.9703,217825,9
3/9/2020 11:18,45.0001,45.06,44.94,45.05,120709,9
3/9/2020 11:19,45.06,45.15,44.98,45.05,221372,9
3/9/2020 11:20,45.0687,45.12,44.971,44.971,108304,9
3/9/2020 11:21,44.97,45.03,44.83,44.92,135590,9
3/9/2020 11:22,44.93,45.02,44.825,44.9,138655,9
3/9/2020 11:23,44.89,45.075,44.8701,45.03,107188,9
3/9/2020 11:24,45.025,45.14,44.96,45.14,223353,9
3/9/2020 11:25,45.13,45.32,45.07,45.3,215867,9
3/9/2020 11:26,45.31,45.3998,45.19,45.2,208071,9
3/9/2020 11:27,45.2099,45.3205,45.12,45.23,134827,9
3/9/2020 11:28,45.22,45.3098,45.1,45.1,148367,9
3/9/2020 11:29,45.105,45.2,45.1,45.13,171047,9
3/9/2020 11:30,45.1297,45.305,45.07,45.19,140420,9
3/9/2020 11:31,45.1899,45.1899,44.91,44.95,175170,9
3/9/2020 11:32,44.93,45.08,44.93,45.04,74401,9
3/9/2020 11:33,45.04,45.15,45.02,45.1303,120732,9
3/9/2020 11:34,45.1301,45.18,45.01,45.0699,121333,9
3/9/2020 11:35,45.06,45.2,45.06,45.15,129747,9
3/9/2020 11:36,45.1301,45.305,45.1301,45.28,194902,9
3/9/2020 11:37,45.29,45.31,45.22,45.275,170469,9
3/9/2020 11:38,45.2601,45.45,45.2601,45.3999,202661,9
3/9/2020 11:39,45.4001,45.47,45.31,45.3801,138583,9
3/9/2020 11:40,45.3999,45.3999,45.28,45.3238,123714,9
3/9/2020 11:41,45.3367,45.3467,45.23,45.26,103288,9
3/9/2020 11:42,45.25,45.43,45.24,45.3601,122791,9
3/9/2020 11:43,45.37,45.4601,45.2119,45.45,141604,9
3/9/2020 11:44,45.445,45.48,45.34,45.4367,167782,9
3/9/2020 11:45,45.43,45.5799,45.365,45.545,236469,9
3/9/2020 11:46,45.55,45.6,45.47,45.581,179212,9
3/9/2020 11:47,45.59,45.62,45.41,45.48,154669,9
3/9/2020 11:48,45.49,45.77,45.49,45.735,160889,9
3/9/2020 11:49,45.685,45.8,45.67,45.745,178843,9
3/9/2020 11:50,45.74,45.96,45.74,45.89,212729,9
3/9/2020 11:51,45.899,45.92,45.77,45.84,54207,9
3/9/2020 11:52,46.07,46.08,45.8201,45.8399,437126,9
3/9/2020 11:53,45.8399,45.89,45.73,45.8899,218642,9
3/9/2020 11:54,45.89,45.89,45.6805,45.7,151250,9
3/9/2020 11:55,45.6901,45.8,45.63,45.72,127772,9
3/9/2020 11:56,45.73,45.78,45.62,45.6601,102285,9
3/9/2020 11:57,45.67,45.9,45.6507,45.8601,167795,9
3/9/2020 11:58,45.87,45.93,45.78,45.91,151683,9
3/9/2020 11:59,45.91,46.01,45.88,45.9599,161010,9
3/9/2020 12:00,45.9599,46.02,45.88,45.8901,122710,9
3/9/2020 12:01,45.89,45.92,45.85,45.8958,106898,9
3/9/2020 12:02,45.8994,46.04,45.805,45.83,168828,9
3/9/2020 12:03,45.83,45.84,45.73,45.78,146676,9
3/9/2020 12:04,45.7833,45.8899,45.725,45.85,112365,9
3/9/2020 12:05,45.85,45.87,45.77,45.8419,90660,9
3/9/2020 12:06,45.85,46.1895,45.8301,46.09,274912,9
3/9/2020 12:07,46.09,46.1384,46,46.1293,64109,9
3/9/2020 12:09,46.23,46.28,46.23,46.255,391823,9
3/9/2020 12:11,46.2501,46.26,46.24,46.245,438262,9
3/9/2020 12:12,46.245,46.28,46.05,46.07,130291,9
3/9/2020 12:13,46.065,46.17,46.05,46.11,104068,9
3/9/2020 12:14,46.12,46.12,45.95,46.02,155251,9
3/9/2020 12:15,46,46.05,45.88,45.9499,114665,9
3/9/2020 12:16,45.97,46.09,45.76,45.77,211077,9
3/9/2020 12:17,45.77,45.89,45.7,45.81,148057,9
3/9/2020 12:18,45.82,45.8799,45.7401,45.77,74980,9
3/9/2020 12:19,45.77,45.8013,45.53,45.5499,137797,9
3/9/2020 12:20,45.55,45.64,45.52,45.62,120742,9
3/9/2020 12:21,45.605,45.64,45.54,45.59,111911,9
3/9/2020 12:22,45.59,45.69,45.56,45.6671,104651,9
3/9/2020 12:23,45.66,45.8,45.66,45.71,118507,9
3/9/2020 12:24,45.72,45.73,45.64,45.68,75870,9
3/9/2020 12:25,45.66,45.66,45.52,45.5894,139324,9
3/9/2020 12:26,45.57,45.57,45.4306,45.4306,149027,9
3/9/2020 12:27,45.45,45.53,45.32,45.3401,153585,9
3/9/2020 12:28,45.3699,45.4,45.28,45.35,142019,9
3/9/2020 12:29,45.37,45.45,45.32,45.435,109837,9
3/9/2020 12:30,45.4255,45.48,45.38,45.4099,82987,9
3/9/2020 12:31,45.41,45.49,45.37,45.385,176608,9
3/9/2020 12:32,45.385,45.47,45.31,45.469,110241,9
3/9/2020 12:33,45.4501,45.57,45.375,45.3801,144889,9
3/9/2020 12:34,45.39,45.4299,45.21,45.23,144204,9
3/9/2020 12:35,45.224,45.3349,45.22,45.33,109853,9
3/9/2020 12:36,45.3306,45.37,45.03,45.04,209190,9
3/9/2020 12:37,45.0316,45.19,45.0307,45.14,101382,9
3/9/2020 12:38,45.145,45.272,45.1,45.19,136236,9
3/9/2020 12:39,45.19,45.29,45.13,45.2199,120466,9
3/9/2020 12:40,45.22,45.29,45.2001,45.2499,78144,9
3/9/2020 12:41,45.2204,45.47,45.2204,45.35,172553,9
3/9/2020 12:42,45.34,45.3499,45.225,45.27,121993,9
3/9/2020 12:43,45.27,45.3465,45.24,45.3,91403,9
3/9/2020 12:44,45.3,45.45,45.25,45.33,191430,9
3/9/2020 12:45,45.325,45.325,45.17,45.18,122213,9
3/9/2020 12:46,45.18,45.2,45.0601,45.13,166444,9
3/9/2020 12:47,45.095,45.11,44.955,44.99,215467,9
3/9/2020 12:48,44.99,45.09,44.97,45.008,107945,9
3/9/2020 12:49,45.01,45.05,44.955,45.05,106367,9
3/9/2020 12:50,45.0499,45.13,44.98,45.05,92589,9
3/9/2020 12:51,45.05,45.11,45,45.08,120818,9
3/9/2020 12:52,45.08,45.12,45,45.11,104690,9
3/9/2020 12:53,45.11,45.11,45.01,45.0701,66982,9
3/9/2020 12:54,45.06,45.065,44.98,44.995,61854,9
3/9/2020 12:55,44.99,45.06,44.97,45.0101,60319,9
3/9/2020 12:56,45.01,45.06,44.97,45.04,75263,9
3/9/2020 12:57,45.04,45.13,44.97,44.975,108454,9
3/9/2020 12:58,44.975,44.979,44.82,44.855,176465,9
3/9/2020 12:59,44.8427,44.8906,44.745,44.83,152827,9
3/9/2020 13:00,44.83,44.94,44.81,44.8802,127845,9
3/9/2020 13:01,44.89,44.9323,44.82,44.87,83424,9
3/9/2020 13:02,44.87,45.1799,44.8604,45.16,217920,9
3/9/2020 13:03,45.17,45.27,45,45.27,188328,9
3/9/2020 13:04,45.265,45.27,45.09,45.12,91472,9
3/9/2020 13:05,45.13,45.205,45,45,84950,9
3/9/2020 13:06,44.99,45.01,44.9,44.9,102967,9
3/9/2020 13:07,44.9099,44.9199,44.75,44.825,143007,9
3/9/2020 13:08,44.82,44.9,44.77,44.885,114529,9
3/9/2020 13:09,44.89,45.14,44.89,45.0404,170483,9
3/9/2020 13:10,45.04,45.04,44.92,44.9201,104985,9
3/9/2020 13:11,44.925,45.06,44.9,44.995,82441,9
3/9/2020 13:12,45,45.2,44.99,45.145,99349,9
3/9/2020 13:13,45.1301,45.15,45.06,45.085,77614,9
3/9/2020 13:14,45.0901,45.2799,45.03,45.22,124499,9
3/9/2020 13:15,45.1903,45.24,45.13,45.2207,75435,9
3/9/2020 13:16,45.22,45.23,45.11,45.2182,74595,9
3/9/2020 13:17,45.21,45.25,45.0901,45.1199,83366,9
3/9/2020 13:18,45.11,45.1899,45.02,45.04,80274,9
3/9/2020 13:19,45.035,45.07,44.98,45,107972,9
3/9/2020 13:20,45.0204,45.06,44.96,45.02,78149,9
3/9/2020 13:21,45.01,45.045,44.905,44.9099,107626,9
3/9/2020 13:22,44.905,45,44.8972,44.91,57915,9
3/9/2020 13:23,44.9199,44.9445,44.835,44.87,95573,9
3/9/2020 13:24,44.87,44.9999,44.85,44.9501,119919,9
3/9/2020 13:25,44.9501,45.02,44.9101,44.9881,86247,9
3/9/2020 13:26,45.01,45.02,44.8933,44.9101,61987,9
3/9/2020 13:27,44.915,44.92,44.85,44.89,69139,9
3/9/2020 13:28,44.8827,44.9,44.8501,44.89,50824,9
3/9/2020 13:29,44.895,44.94,44.87,44.89,71468,9
3/9/2020 13:30,44.8999,44.95,44.78,44.835,122252,9
3/9/2020 13:31,44.83,44.83,44.7,44.71,130873,9
3/9/2020 13:32,44.7001,44.73,44.66,44.685,84082,9
3/9/2020 13:33,44.66,44.71,44.56,44.62,134646,9
3/9/2020 13:34,44.6199,44.64,44.53,44.537,113889,9
3/9/2020 13:35,44.53,44.55,44.5,44.5001,213899,9
3/9/2020 13:36,44.5,44.57,44.5,44.51,101524,9
3/9/2020 13:37,44.5001,44.515,44.41,44.4601,154969,9
3/9/2020 13:38,44.4699,44.4701,44.37,44.385,138427,9
3/9/2020 13:39,44.39,44.42,44.32,44.34,157187,9
3/9/2020 13:40,44.34,44.38,44.28,44.2999,101575,9
3/9/2020 13:41,44.29,44.47,44.29,44.39,146574,9
3/9/2020 13:42,44.39,44.39,44.31,44.3799,61468,9
3/9/2020 13:43,44.375,44.38,44.18,44.1938,173096,9
3/9/2020 13:46,44.165,44.3998,44.115,44.29,556927,9
3/9/2020 13:47,44.2701,44.43,44.26,44.39,199111,9
3/9/2020 13:48,44.4199,44.56,44.295,44.5,156038,9
3/9/2020 13:49,44.4802,44.55,44.415,44.52,139642,9
3/9/2020 13:50,44.515,44.52,44.38,44.38,104431,9
3/9/2020 13:51,44.375,44.41,44.24,44.26,136750,9
3/9/2020 13:52,44.2501,44.3,44.17,44.2,157308,9
3/9/2020 13:53,44.2,44.2,44.05,44.12,156555,9
3/9/2020 13:54,44.1101,44.18,44.11,44.175,81728,9
3/9/2020 13:55,44.17,44.18,44.145,44.1772,85204,9
3/9/2020 13:56,44.175,44.18,44.05,44.13,169745,9
3/9/2020 13:57,44.12,44.32,44.11,44.23,165132,9
3/9/2020 13:58,44.215,44.28,44.09,44.21,153557,9
3/9/2020 13:59,44.21,44.27,44.1,44.15,205913,9
3/9/2020 14:00,44.14,44.19,44.11,44.11,112625,9
3/9/2020 14:01,44.11,44.19,44.0801,44.09,137331,9
3/9/2020 14:02,44.11,44.21,44,44.17,264261,9
3/9/2020 14:03,44.16,44.16,44,44.005,104068,9
3/9/2020 14:04,44,44.01,43.83,43.8401,247942,9
3/9/2020 14:05,43.84,43.9,43.73,43.7389,200821,9
3/9/2020 14:06,43.7246,43.82,43.6,43.7785,224282,9
3/9/2020 14:07,43.7897,43.815,43.59,43.6003,136542,9
3/9/2020 14:08,43.6,43.9,43.56,43.9,300593,9
3/9/2020 14:09,43.8801,43.8822,43.7001,43.7396,150070,9
3/9/2020 14:10,43.71,43.76,43.6,43.6006,170055,9
3/9/2020 14:11,43.6116,43.74,43.55,43.7219,168899,9
3/9/2020 14:12,43.72,43.9498,43.7101,43.88,211532,9
3/9/2020 14:13,43.8773,43.9088,43.7901,43.85,107115,9
3/9/2020 14:14,43.845,43.88,43.76,43.8183,55637,9
3/9/2020 14:15,43.8113,43.97,43.775,43.96,158762,9
3/9/2020 14:16,43.965,44.29,43.95,44.2676,263356,9
3/9/2020 14:17,44.26,44.34,44.1701,44.2501,213447,9
3/9/2020 14:18,44.2554,44.26,44.05,44.145,148591,9
3/9/2020 14:19,44.18,44.18,43.9499,43.9499,109797,9
3/9/2020 14:20,43.95,44.0799,43.95,43.99,89687,9
3/9/2020 14:21,44,44.19,44,44.106,143160,9
3/9/2020 14:22,44.115,44.1199,43.89,43.9199,138833,9
3/9/2020 14:23,43.915,43.9194,43.76,43.8199,123481,9
3/9/2020 14:24,43.8266,43.96,43.79,43.86,92566,9
3/9/2020 14:25,43.8631,43.88,43.78,43.795,84228,9
3/9/2020 14:26,43.7901,43.8,43.61,43.62,136305,9
3/9/2020 14:27,43.6192,43.705,43.59,43.605,147386,9
3/9/2020 14:28,43.6031,43.6854,43.58,43.64,139997,9
3/9/2020 14:29,43.6302,43.675,43.6,43.65,66197,9
3/9/2020 14:30,43.65,43.65,43.5401,43.5401,120808,9
3/9/2020 14:31,43.54,43.565,43.41,43.415,318002,9
3/9/2020 14:32,43.4107,43.5173,43.3739,43.42,184625,9
3/9/2020 14:33,43.41,43.41,43.31,43.395,199341,9
3/9/2020 14:34,43.3994,43.7,43.352,43.66,213025,9
3/9/2020 14:35,43.67,43.84,43.63,43.675,195885,9
3/9/2020 14:36,43.675,43.6999,43.6,43.68,68640,9
3/9/2020 14:37,43.68,43.715,43.555,43.585,115501,9
3/9/2020 14:38,43.59,43.62,43.5,43.57,102869,9
3/9/2020 14:39,43.5601,43.76,43.51,43.75,98476,9
3/9/2020 14:40,43.75,43.98,43.75,43.855,312862,9
3/9/2020 14:41,43.85,43.8871,43.705,43.74,89655,9
3/9/2020 14:42,43.735,43.74,43.565,43.616,113911,9
3/9/2020 14:43,43.6101,43.6221,43.5,43.5028,103298,9
3/9/2020 14:44,43.5084,43.54,43.45,43.52,108496,9
3/9/2020 14:45,43.53,43.53,43.39,43.505,154102,9
3/9/2020 14:46,43.52,43.54,43.4001,43.42,95670,9
3/9/2020 14:47,43.42,43.6398,43.41,43.605,130113,9
3/9/2020 14:48,43.6046,43.81,43.598,43.7311,127022,9
3/9/2020 14:49,43.7301,43.7301,43.55,43.57,144156,9
3/9/2020 14:50,43.57,43.6,43.505,43.505,67469,9
3/9/2020 14:51,43.52,43.94,43.5101,43.92,184143,9
3/9/2020 14:52,43.9,44.02,43.79,43.79,251196,9
3/9/2020 14:53,43.8,43.9191,43.7584,43.9001,156489,9
3/9/2020 14:54,43.9,43.99,43.8299,43.9739,133441,9
3/9/2020 14:55,43.975,44.07,43.9501,44.04,179460,9
3/9/2020 14:56,44.028,44.11,43.99,44.06,122147,9
3/9/2020 14:57,44.05,44.08,43.91,43.96,123254,9
3/9/2020 14:58,43.97,44.13,43.97,44.06,170192,9
3/9/2020 14:59,44.06,44.0954,43.8801,43.94,133397,9
3/9/2020 15:00,43.9299,44,43.85,43.86,132554,9
3/9/2020 15:01,43.87,43.945,43.85,43.8746,109110,9
3/9/2020 15:02,43.86,44,43.81,43.83,177281,9
3/9/2020 15:03,43.83,43.84,43.75,43.7899,108591,9
3/9/2020 15:04,43.78,43.9999,43.72,43.99,118246,9
3/9/2020 15:05,43.98,44.23,43.9505,44.18,265664,9
3/9/2020 15:06,44.1895,44.2,44.085,44.14,111515,9
3/9/2020 15:07,44.14,44.25,43.91,44.015,176089,9
3/9/2020 15:08,44.055,44.12,43.975,44.01,120163,9
3/9/2020 15:09,43.99,44.15,43.89,44.1,149702,9
3/9/2020 15:10,44.1033,44.14,43.95,44.02,83909,9
3/9/2020 15:11,44.01,44.01,43.85,43.9,117464,9
3/9/2020 15:12,43.9,43.96,43.83,43.85,92574,9
3/9/2020 15:13,43.84,43.95,43.83,43.91,67338,9
3/9/2020 15:14,43.9,43.91,43.75,43.765,111023,9
3/9/2020 15:15,43.765,43.79,43.65,43.65,142250,9
3/9/2020 15:16,43.65,43.8688,43.64,43.73,119872,9
3/9/2020 15:17,43.73,43.8687,43.725,43.86,103620,9
3/9/2020 15:18,43.85,44.01,43.84,43.94,132238,9
3/9/2020 15:19,43.94,44.06,43.9,44,165240,9
3/9/2020 15:20,44.005,44.05,43.8399,43.8399,92658,9
3/9/2020 15:21,43.84,43.85,43.75,43.77,107161,9
3/9/2020 15:22,43.78,43.91,43.72,43.86,129472,9
3/9/2020 15:23,43.8501,44.0501,43.8501,43.95,243908,9
3/9/2020 15:24,43.9299,44.065,43.9299,43.97,129770,9
3/9/2020 15:25,43.96,44.16,43.9301,44.11,178754,9
3/9/2020 15:26,44.115,44.35,44.105,44.29,219113,9
3/9/2020 15:27,44.32,44.38,44.23,44.255,214432,9
3/9/2020 15:28,44.2569,44.34,44.22,44.27,151181,9
3/9/2020 15:29,44.27,44.38,44.2,44.2597,207648,9
3/9/2020 15:30,44.2525,44.255,43.8,43.9772,365290,9
3/9/2020 15:31,43.98,44,43.7349,43.8099,164850,9
3/9/2020 15:32,43.82,44,43.785,43.8,163972,9
3/9/2020 15:33,43.795,43.85,43.725,43.77,113763,9
3/9/2020 15:34,43.79,43.9,43.62,43.73,155347,9
3/9/2020 15:35,43.75,43.8601,43.69,43.7416,163791,9
3/9/2020 15:36,43.75,43.95,43.75,43.91,149741,9
3/9/2020 15:37,43.9164,44.0319,43.875,44.0042,167240,9
3/9/2020 15:38,44.01,44.07,43.89,44.07,112234,9
3/9/2020 15:39,44.07,44.15,43.99,44.01,157618,9
3/9/2020 15:40,44.01,44.02,43.82,43.955,138428,9
3/9/2020 15:41,43.95,44.05,43.8701,43.92,153819,9
3/9/2020 15:42,43.925,44.05,43.8,43.87,189628,9
3/9/2020 15:43,43.89,43.92,43.825,43.8899,110419,9
3/9/2020 15:44,43.89,43.91,43.8201,43.9,105779,9
3/9/2020 15:45,43.9,44,43.8949,43.92,130723,9
3/9/2020 15:46,43.915,43.92,43.7512,43.8057,231177,9
3/9/2020 15:47,43.79,44.07,43.7828,44.0091,210457,9
3/9/2020 15:48,44.005,44.14,43.9111,44.07,194618,9
3/9/2020 15:49,44.06,44.14,43.964,44.12,259805,9
3/9/2020 15:50,44.1251,44.14,43.98,43.99,142473,9
3/9/2020 15:51,43.96,43.965,43.58,43.63,410158,9
3/9/2020 15:52,43.63,43.82,43.56,43.79,341178,9
3/9/2020 15:53,43.78,43.87,43.66,43.7896,173315,9
3/9/2020 15:54,43.775,43.85,43.61,43.63,200266,9
3/9/2020 15:55,43.64,43.79,43.61,43.7469,239161,9
3/9/2020 15:56,43.745,43.762,43.62,43.6601,197109,9
3/9/2020 15:57,43.67,43.67,43.5,43.5001,225836,9
3/9/2020 15:58,43.5,43.56,43.4,43.4037,398508,9
3/9/2020 15:59,43.41,43.42,43.33,43.3559,327923,9
3/9/2020 16:00,43.36,43.38,43.25,43.26,432293,9
3/10/2020 9:31,45.37,45.44,45.0999,45.29,2560241,10
3/10/2020 9:32,45.3,45.3,44.8,44.82,487811,10
3/10/2020 9:33,44.8045,45.08,44.68,45.07,489306,10
3/10/2020 9:34,45.08,45.2,44.99,45.03,427497,10
3/10/2020 9:35,45.0394,45.0394,45.0394,45.0394,385724,10
3/10/2020 9:36,45.0321,45.0321,44.7665,44.7665,323985,10
3/10/2020 9:37,44.7445,44.7445,44.58,44.58,464063,10
3/10/2020 9:38,44.555,44.555,44.53,44.53,304181,10
3/10/2020 9:39,44.56,44.67,44.56,44.67,299851,10
3/10/2020 9:40,44.57,44.745,44.57,44.745,352635,10
3/10/2020 9:41,44.74,44.74,44.3264,44.3266,355558,10
3/10/2020 9:42,44.3244,44.54,44.3244,44.54,284874,10
3/10/2020 9:43,44.5941,44.705,44.51,44.51,245905,10
3/10/2020 9:44,44.62,44.74,44.5084,44.74,440570,10
3/10/2020 9:45,44.755,44.79,44.755,44.79,424284,10
3/10/2020 9:46,44.77,44.885,44.7156,44.885,518321,10
3/10/2020 9:47,44.89,44.9104,44.7261,44.81,360088,10
3/10/2020 9:48,44.78,44.78,44.585,44.585,227437,10
3/10/2020 9:49,44.585,44.585,44.51,44.51,244641,10
3/10/2020 9:50,44.5,44.67,44.485,44.6611,281458,10
3/10/2020 9:51,44.52,44.7744,44.52,44.7744,218204,10
3/10/2020 9:52,44.77,44.77,44.6328,44.6328,201108,10
3/10/2020 9:53,44.6235,44.6235,44.51,44.58,204452,10
3/10/2020 9:54,44.59,44.7399,44.59,44.7399,166865,10
3/10/2020 9:55,44.73,44.7369,44.73,44.7369,177391,10
3/10/2020 9:56,44.74,44.95,44.7,44.95,363997,10
3/10/2020 9:57,44.9599,44.9599,44.9237,44.9237,216431,10
3/10/2020 9:58,44.9,44.9401,44.9,44.9401,136918,10
3/10/2020 9:59,44.94,44.97,44.94,44.95,370648,10
3/10/2020 10:00,44.82,44.97,44.8,44.89,188039,10
3/10/2020 10:01,44.88,44.89,44.73,44.7995,180602,10
3/10/2020 10:02,44.795,44.91,44.79,44.89,200087,10
3/10/2020 10:03,44.8875,45.05,44.8875,44.985,308232,10
3/10/2020 10:04,44.98,45.1,44.95,45.005,254747,10
3/10/2020 10:05,45.01,45.14,44.95,45.07,322587,10
3/10/2020 10:06,45.06,45.16,44.96,44.985,284163,10
3/10/2020 10:07,44.99,45.25,44.99,45.24,271167,10
3/10/2020 10:08,45.241,45.3525,45.24,45.25,342717,10
3/10/2020 10:09,45.27,45.275,45.17,45.23,153516,10
3/10/2020 10:10,45.2344,45.235,45.11,45.17,190795,10
3/10/2020 10:11,45.16,45.255,45.1244,45.225,163449,10
3/10/2020 10:12,45.22,45.3,45.2,45.29,184060,10
3/10/2020 10:13,45.278,45.4,45.27,45.285,230483,10
3/10/2020 10:14,45.2863,45.34,45.17,45.315,210159,10
3/10/2020 10:15,45.3199,45.37,45.27,45.2997,177499,10
3/10/2020 10:16,45.29,45.315,45.15,45.195,165064,10
3/10/2020 10:17,45.2,45.24,44.99,45.0208,225890,10
3/10/2020 10:18,45.03,45.11,44.96,44.985,171235,10
3/10/2020 10:19,44.9884,45.22,44.9807,45.1978,186134,10
3/10/2020 10:20,45.195,45.22,45,45.04,159195,10
3/10/2020 10:21,45.0354,45.25,45.0354,45.215,165431,10
3/10/2020 10:22,45.21,45.25,45.15,45.23,117155,10
3/10/2020 10:23,45.23,45.23,45.08,45.1313,159311,10
3/10/2020 10:24,45.1301,45.1301,45.01,45.1099,113297,10
3/10/2020 10:25,45.105,45.17,45.04,45.06,130766,10
3/10/2020 10:26,45.0699,45.08,44.8,44.915,268662,10
3/10/2020 10:27,44.915,44.93,44.7001,44.765,170681,10
3/10/2020 10:28,44.78,44.86,44.74,44.82,150283,10
3/10/2020 10:29,44.815,44.89,44.76,44.82,127384,10
3/10/2020 10:30,44.8101,44.87,44.76,44.805,90872,10
3/10/2020 10:31,44.8,44.83,44.78,44.8,105115,10
3/10/2020 10:32,44.8,44.81,44.7,44.705,150511,10
3/10/2020 10:33,44.705,44.7199,44.62,44.635,168039,10
3/10/2020 10:34,44.65,44.6784,44.61,44.63,101242,10
3/10/2020 10:35,44.62,44.74,44.58,44.73,204217,10
3/10/2020 10:36,44.73,44.88,44.7,44.835,193050,10
3/10/2020 10:37,44.839,44.85,44.69,44.76,101169,10
3/10/2020 10:38,44.76,44.81,44.71,44.715,74154,10
3/10/2020 10:39,44.725,44.84,44.7,44.78,94951,10
3/10/2020 10:40,44.8,44.84,44.73,44.78,80703,10
3/10/2020 10:41,44.77,44.83,44.74,44.74,58272,10
3/10/2020 10:42,44.745,44.82,44.73,44.815,69187,10
3/10/2020 10:43,44.81,44.81,44.69,44.69,94238,10
3/10/2020 10:44,44.695,44.74,44.595,44.6762,121585,10
3/10/2020 10:45,44.6784,44.68,44.48,44.5101,235753,10
3/10/2020 10:46,44.5001,44.5662,44.43,44.49,158394,10
3/10/2020 10:47,44.495,44.5,44.325,44.3298,167727,10
3/10/2020 10:48,44.3301,44.365,44.2402,44.2402,188812,10
3/10/2020 10:49,44.245,44.3,44.23,44.265,147989,10
3/10/2020 10:50,44.27,44.28,44.23,44.25,140987,10
3/10/2020 10:51,44.24,44.3799,44.22,44.255,187781,10
3/10/2020 10:52,44.26,44.36,44.23,44.2301,171358,10
3/10/2020 10:53,44.23,44.2359,44.0927,44.0927,234254,10
3/10/2020 10:54,44.095,44.119,44,44.0599,259170,10
3/10/2020 10:55,44.05,44.08,44.02,44.06,134035,10
3/10/2020 10:56,44.06,44.3057,44.035,44.305,244370,10
3/10/2020 10:57,44.3,44.4,44.29,44.385,255938,10
3/10/2020 10:58,44.38,44.47,44.31,44.46,165696,10
3/10/2020 10:59,44.46,44.46,44.2428,44.25,205507,10
3/10/2020 11:00,44.2401,44.26,44.07,44.07,140796,10
3/10/2020 11:01,44.07,44.14,44.0209,44.1399,197778,10
3/10/2020 11:02,44.135,44.135,44.04,44.06,81978,10
3/10/2020 11:03,44.09,44.24,44.02,44.23,141418,10
3/10/2020 11:04,44.2393,44.32,44.215,44.3001,152326,10
3/10/2020 11:05,44.2929,44.37,44.18,44.19,193117,10
3/10/2020 11:06,44.185,44.3,44.1607,44.23,84463,10
3/10/2020 11:07,44.24,44.415,44.22,44.325,189843,10
3/10/2020 11:08,44.3201,44.44,44.285,44.4181,201019,10
3/10/2020 11:09,44.41,44.59,44.4004,44.56,199063,10
3/10/2020 11:10,44.56,44.585,44.5,44.5,125889,10
3/10/2020 11:11,44.5,44.53,44.33,44.37,135320,10
3/10/2020 11:12,44.369,44.37,44.25,44.2741,103174,10
3/10/2020 11:13,44.27,44.46,44.27,44.375,109729,10
3/10/2020 11:14,44.3801,44.4,44.22,44.2601,139812,10
3/10/2020 11:15,44.2696,44.32,44.21,44.23,84135,10
3/10/2020 11:16,44.2247,44.31,44.15,44.31,119211,10
3/10/2020 11:17,44.3027,44.37,44.23,44.2701,118303,10
3/10/2020 11:18,44.285,44.29,44.15,44.2001,104379,10
3/10/2020 11:19,44.2197,44.2197,44.08,44.09,140636,10
3/10/2020 11:20,44.08,44.12,44,44.02,134708,10
3/10/2020 11:21,44.03,44.15,44.0082,44.02,109665,10
3/10/2020 11:22,44.03,44.19,44.03,44.13,147163,10
3/10/2020 11:23,44.13,44.17,44.04,44.0796,81742,10
3/10/2020 11:24,44.07,44.09,44,44.0171,200483,10
3/10/2020 11:25,44.01,44.01,43.85,43.85,193201,10
3/10/2020 11:26,43.85,43.85,43.62,43.6302,275518,10
3/10/2020 11:27,43.63,43.72,43.56,43.66,338345,10
3/10/2020 11:28,43.64,43.7721,43.5606,43.765,200792,10
3/10/2020 11:29,43.7569,43.91,43.73,43.83,214662,10
3/10/2020 11:30,43.845,43.86,43.5,43.525,202042,10
3/10/2020 11:31,43.53,43.67,43.5,43.5025,187085,10
3/10/2020 11:32,43.505,43.5899,43.5,43.5,275294,10
3/10/2020 11:33,43.5,43.53,43.4925,43.51,185579,10
3/10/2020 11:34,43.51,43.54,43.495,43.5,214735,10
3/10/2020 11:35,43.5,43.6,43.5,43.5001,237098,10
3/10/2020 11:36,43.505,43.52,43.5,43.505,196717,10
3/10/2020 11:37,43.505,43.5301,43.37,43.37,348764,10
3/10/2020 11:38,43.3792,43.38,43.27,43.275,239892,10
3/10/2020 11:39,43.28,43.2899,43.13,43.17,196447,10
3/10/2020 11:40,43.17,43.41,43.145,43.32,305137,10
3/10/2020 11:41,43.33,43.4655,43.15,43.158,202338,10
3/10/2020 11:42,43.16,43.33,43.1,43.2301,162241,10
3/10/2020 11:43,43.235,43.6964,43.235,43.56,288828,10
3/10/2020 11:44,43.54,43.63,43.46,43.5903,166668,10
3/10/2020 11:45,43.58,43.86,43.565,43.7899,264894,10
3/10/2020 11:46,43.79,43.8935,43.73,43.8463,187115,10
3/10/2020 11:47,43.84,43.97,43.83,43.92,252787,10
3/10/2020 11:48,43.9238,43.9699,43.74,43.77,200473,10
3/10/2020 11:49,43.78,43.93,43.73,43.8275,294729,10
3/10/2020 11:50,43.8252,43.84,43.7,43.7001,112857,10
3/10/2020 11:51,43.7,43.7998,43.5312,43.535,162186,10
3/10/2020 11:52,43.54,43.66,43.54,43.5958,89026,10
3/10/2020 11:53,43.5901,43.68,43.5,43.6778,130208,10
3/10/2020 11:54,43.67,43.67,43.48,43.56,118105,10
3/10/2020 11:55,43.53,43.64,43.5101,43.6,104312,10
3/10/2020 11:56,43.61,43.8,43.5941,43.7699,149181,10
3/10/2020 11:57,43.7638,43.78,43.61,43.61,110750,10
3/10/2020 11:58,43.605,43.783,43.5913,43.783,110670,10
3/10/2020 11:59,43.79,43.95,43.79,43.9099,283969,10
3/10/2020 12:00,43.9021,43.93,43.7147,43.73,169960,10
3/10/2020 12:01,43.73,44.05,43.73,44.05,278777,10
3/10/2020 12:02,44.0685,44.23,44.0301,44.22,292148,10
3/10/2020 12:03,44.2259,44.35,44.22,44.3,276043,10
3/10/2020 12:04,44.3,44.3,44.0101,44.13,209674,10
3/10/2020 12:05,44.1233,44.199,44.04,44.05,134406,10
3/10/2020 12:06,44.0699,44.12,43.9117,43.98,180674,10
3/10/2020 12:07,43.98,44.21,43.975,44.145,177175,10
3/10/2020 12:08,44.1401,44.18,44.069,44.11,74500,10
3/10/2020 12:09,44.1341,44.24,44.09,44.18,110976,10
3/10/2020 12:10,44.16,44.23,44.07,44.1896,100375,10
3/10/2020 12:11,44.29,44.3,44.27,44.27,204561,10
3/10/2020 12:13,44.3301,44.45,44.3301,44.44,312527,10
3/10/2020 12:14,44.45,44.5,44.35,44.4037,175054,10
3/10/2020 12:15,44.41,44.4799,44.35,44.365,110044,10
3/10/2020 12:16,44.38,44.475,44.375,44.475,84201,10
3/10/2020 12:17,44.4719,44.5,44.38,44.405,119955,10
3/10/2020 12:18,44.4,44.46,44.22,44.24,149341,10
3/10/2020 12:19,44.2497,44.36,44.24,44.33,102345,10
3/10/2020 12:20,44.34,44.5,44.34,44.4202,85252,10
3/10/2020 12:21,44.4233,44.445,44.34,44.3901,85605,10
3/10/2020 12:22,44.395,44.41,44.15,44.19,135210,10
3/10/2020 12:23,44.1824,44.2701,44.1824,44.2,80078,10
3/10/2020 12:24,44.21,44.34,44.21,44.29,105282,10
3/10/2020 12:25,44.29,44.385,44.2381,44.3707,81405,10
3/10/2020 12:26,44.38,44.38,44.2501,44.29,69925,10
3/10/2020 12:27,44.2865,44.38,44.16,44.16,127381,10
3/10/2020 12:28,44.155,44.1599,44.085,44.125,94831,10
3/10/2020 12:29,44.1202,44.1924,44.03,44.035,78396,10
3/10/2020 12:30,44.03,44.0687,43.9708,44.045,132475,10
3/10/2020 12:31,44.025,44.05,43.9,43.9148,101416,10
3/10/2020 12:32,43.9116,43.9116,43.75,43.87,151218,10
3/10/2020 12:33,43.85,44.02,43.81,43.94,154190,10
3/10/2020 12:34,43.935,44.05,43.89,43.9801,144251,10
3/10/2020 12:35,43.9801,44.1163,43.92,44.0427,116282,10
3/10/2020 12:36,44.04,44.09,43.9943,44.075,120656,10
3/10/2020 12:37,44.09,44.25,44.07,44.22,170914,10
3/10/2020 12:38,44.24,44.28,44.15,44.1701,145716,10
3/10/2020 12:39,44.17,44.225,44.12,44.1301,65608,10
3/10/2020 12:40,44.14,44.28,44.1393,44.215,91125,10
3/10/2020 12:41,44.215,44.275,44.1901,44.23,57675,10
3/10/2020 12:42,44.22,44.22,44.0739,44.0804,98679,10
3/10/2020 12:43,44.09,44.25,44.0701,44.1994,63988,10
3/10/2020 12:44,44.195,44.4,44.13,44.3438,112216,10
3/10/2020 12:45,44.35,44.48,44.31,44.4561,134513,10
3/10/2020 12:46,44.46,44.4772,44.36,44.4498,102443,10
3/10/2020 12:47,44.455,44.47,44.34,44.365,73514,10
3/10/2020 12:48,44.37,44.42,44.34,44.345,76622,10
3/10/2020 12:49,44.35,44.4,44.2901,44.3301,78806,10
3/10/2020 12:50,44.34,44.34,44.25,44.25,75941,10
3/10/2020 12:51,44.25,44.31,44.2,44.2257,66212,10
3/10/2020 12:52,44.23,44.331,44.1801,44.3005,80432,10
3/10/2020 12:53,44.306,44.35,44.24,44.345,55794,10
3/10/2020 12:54,44.34,44.39,44.3,44.34,93414,10
3/10/2020 12:55,44.335,44.45,44.3164,44.4101,103469,10
3/10/2020 12:56,44.42,44.45,44.405,44.43,78601,10
3/10/2020 12:57,44.43,44.436,44.3,44.4038,109868,10
3/10/2020 12:58,44.395,44.445,44.36,44.38,95199,10
3/10/2020 12:59,44.385,44.465,44.345,44.345,102642,10
3/10/2020 13:00,44.34,44.41,44.25,44.28,100552,10
3/10/2020 13:01,44.28,44.2896,44.14,44.1871,85051,10
3/10/2020 13:02,44.19,44.23,44.035,44.06,97589,10
3/10/2020 13:03,44.075,44.09,43.96,44.005,96781,10
3/10/2020 13:04,44.0014,44.1,43.97,44.09,106488,10
3/10/2020 13:05,44.0901,44.16,44.04,44.105,92802,10
3/10/2020 13:06,44.1098,44.16,43.96,43.9899,84476,10
3/10/2020 13:07,44,44.119,43.9977,44.095,88116,10
3/10/2020 13:08,44.0965,44.2799,44.0401,44.2391,122702,10
3/10/2020 13:09,44.235,44.37,44.2,44.3201,107894,10
3/10/2020 13:10,44.31,44.39,44.28,44.35,107948,10
3/10/2020 13:11,44.335,44.37,44.1101,44.17,130686,10
3/10/2020 13:12,44.1613,44.25,44.13,44.19,70069,10
3/10/2020 13:13,44.1996,44.2499,44.15,44.245,59607,10
3/10/2020 13:14,44.2307,44.31,44.195,44.305,54797,10
3/10/2020 13:15,44.31,44.35,44.27,44.3,60280,10
3/10/2020 13:16,44.32,44.37,44.28,44.315,59668,10
3/10/2020 13:17,44.32,44.33,44.09,44.1198,117574,10
3/10/2020 13:18,44.12,44.32,44.118,44.3,77617,10
3/10/2020 13:19,44.296,44.4,44.2905,44.4,136719,10
3/10/2020 13:20,44.4,44.41,44.24,44.28,81225,10
3/10/2020 13:21,44.2711,44.45,44.2601,44.45,132900,10
3/10/2020 13:22,44.45,44.48,44.35,44.3585,121235,10
3/10/2020 13:23,44.3578,44.42,44.3118,44.3118,64742,10
3/10/2020 13:24,44.315,44.41,44.315,44.365,62632,10
3/10/2020 13:25,44.39,44.48,44.375,44.39,65093,10
3/10/2020 13:26,44.39,44.4,44.26,44.33,96656,10
3/10/2020 13:27,44.3399,44.35,44.215,44.265,83247,10
3/10/2020 13:28,44.255,44.35,44.25,44.32,76069,10
3/10/2020 13:29,44.33,44.355,44.27,44.2822,42328,10
3/10/2020 13:30,44.29,44.3806,44.2701,44.3061,68795,10
3/10/2020 13:31,44.32,44.431,44.25,44.38,79943,10
3/10/2020 13:32,44.41,44.45,44.3478,44.35,127352,10
3/10/2020 13:33,44.36,44.36,44.29,44.34,85393,10
3/10/2020 13:34,44.3396,44.44,44.28,44.44,81759,10
3/10/2020 13:35,44.4323,44.63,44.43,44.5901,357052,10
3/10/2020 13:36,44.5999,44.61,44.4701,44.53,108861,10
3/10/2020 13:37,44.5278,44.54,44.41,44.42,56702,10
3/10/2020 13:38,44.42,44.49,44.41,44.45,98821,10
3/10/2020 13:39,44.46,44.5,44.3716,44.39,104447,10
3/10/2020 13:40,44.39,44.4,44.29,44.39,109012,10
3/10/2020 13:41,44.4,44.46,44.31,44.32,108591,10
3/10/2020 13:42,44.33,44.35,44.12,44.17,185615,10
3/10/2020 13:43,44.15,44.2565,44.14,44.2503,109701,10
3/10/2020 13:44,44.26,44.32,44.22,44.25,109330,10
3/10/2020 13:45,44.2499,44.27,44.17,44.22,43773,10
3/10/2020 13:46,44.2111,44.23,44.17,44.1801,61164,10
3/10/2020 13:47,44.19,44.195,44,44.03,160360,10
3/10/2020 13:48,44.0299,44.14,44.01,44.0199,63566,10
3/10/2020 13:49,44.015,44.11,44,44.105,69974,10
3/10/2020 13:50,44.1,44.105,44.0301,44.09,98425,10
3/10/2020 13:51,44.085,44.16,44.0801,44.115,109659,10
3/10/2020 13:52,44.115,44.15,44.08,44.14,56989,10
3/10/2020 13:53,44.13,44.16,44.07,44.12,61870,10
3/10/2020 13:54,44.125,44.125,44.02,44.0601,63533,10
3/10/2020 13:55,44.065,44.1,44.0501,44.0701,33756,10
3/10/2020 13:56,44.08,44.15,44.06,44.1,68596,10
3/10/2020 13:57,44.1,44.13,44.03,44.0796,55599,10
3/10/2020 13:58,44.09,44.15,44.05,44.12,50688,10
3/10/2020 13:59,44.115,44.2,44.105,44.155,143016,10
3/10/2020 14:00,44.15,44.2,44.12,44.12,48551,10
3/10/2020 14:01,44.12,44.14,44,44.01,88972,10
3/10/2020 14:02,44,44.01,43.8323,43.865,210682,10
3/10/2020 14:03,43.85,43.9816,43.85,43.945,72967,10
3/10/2020 14:04,43.955,43.9815,43.8901,43.91,58452,10
3/10/2020 14:05,43.915,44.03,43.89,43.95,102141,10
3/10/2020 14:06,43.95,43.965,43.9,43.905,47334,10
3/10/2020 14:07,43.91,44.04,43.9,43.98,110777,10
3/10/2020 14:08,43.98,44,43.8501,43.98,85431,10
3/10/2020 14:09,43.975,44.04,43.91,44.025,115675,10
3/10/2020 14:10,44.015,44.12,43.96,44.0816,143204,10
3/10/2020 14:11,44.085,44.09,43.91,44.0067,116290,10
3/10/2020 14:12,44,44.085,43.97,43.9725,65305,10
3/10/2020 14:13,43.9701,44.02,43.96,43.99,48749,10
3/10/2020 14:14,43.99,44.1001,43.89,43.93,123353,10
3/10/2020 14:15,43.92,44.0325,43.8901,44.0325,88479,10
3/10/2020 14:16,44.0301,44.07,43.97,44.015,109230,10
3/10/2020 14:17,44.02,44.07,43.95,43.975,85439,10
3/10/2020 14:18,43.98,44.08,43.955,44.0339,157197,10
3/10/2020 14:19,44.04,44.05,43.97,43.97,50565,10
3/10/2020 14:20,43.97,44.04,43.97,44,41525,10
3/10/2020 14:21,44.01,44.17,43.98,44.115,81549,10
3/10/2020 14:22,44.13,44.14,44.0716,44.0995,63984,10
3/10/2020 14:23,44.09,44.1201,44.005,44.035,65211,10
3/10/2020 14:24,44.03,44.04,43.9,43.96,98191,10
3/10/2020 14:25,43.96,43.97,43.855,43.855,55359,10
3/10/2020 14:26,43.86,43.86,43.81,43.8463,91644,10
3/10/2020 14:27,43.84,43.9335,43.78,43.885,97393,10
3/10/2020 14:28,43.8894,43.98,43.87,43.94,111001,10
3/10/2020 14:29,43.94,44.02,43.905,43.97,94813,10
3/10/2020 14:30,43.99,44.12,43.99,44.055,134300,10
3/10/2020 14:31,44.07,44.115,44,44.11,62368,10
3/10/2020 14:32,44.11,44.17,44.0618,44.1592,43914,10
3/10/2020 14:33,44.1658,44.2,44.09,44.18,85341,10
3/10/2020 14:34,44.1835,44.25,44.1835,44.2,120783,10
3/10/2020 14:35,44.23,44.32,44.225,44.275,114584,10
3/10/2020 14:36,44.275,44.34,44.27,44.34,75288,10
3/10/2020 14:37,44.3448,44.36,44.24,44.3499,89699,10
3/10/2020 14:38,44.3491,44.35,44.24,44.26,65517,10
3/10/2020 14:39,44.27,44.35,44.27,44.29,61342,10
3/10/2020 14:40,44.29,44.38,44.27,44.357,128142,10
3/10/2020 14:41,44.3501,44.3795,44.31,44.37,107746,10
3/10/2020 14:42,44.37,44.6,44.3501,44.59,271261,10
3/10/2020 14:43,44.595,44.665,44.5516,44.5914,185335,10
3/10/2020 14:44,44.6,44.6497,44.46,44.6399,144402,10
3/10/2020 14:45,44.6305,44.73,44.6305,44.6985,194672,10
3/10/2020 14:46,44.695,44.75,44.65,44.74,127010,10
3/10/2020 14:47,44.7406,44.795,44.73,44.7784,117422,10
3/10/2020 14:48,44.775,44.89,44.7701,44.885,188341,10
3/10/2020 14:49,44.8801,44.9,44.802,44.845,136699,10
3/10/2020 14:50,44.845,45,44.8286,44.9641,255439,10
3/10/2020 14:51,44.97,44.99,44.76,44.785,191465,10
3/10/2020 14:52,44.78,44.82,44.65,44.7539,156333,10
3/10/2020 14:53,44.755,44.819,44.715,44.76,111076,10
3/10/2020 14:54,44.75,44.78,44.68,44.77,84362,10
3/10/2020 14:55,44.78,44.84,44.7,44.81,117603,10
3/10/2020 14:56,44.81,44.89,44.7334,44.8801,136651,10
3/10/2020 14:57,44.8799,44.8799,44.72,44.79,106218,10
3/10/2020 14:58,44.7801,44.7915,44.5601,44.575,171315,10
3/10/2020 14:59,44.5759,44.695,44.56,44.62,162826,10
3/10/2020 15:00,44.6367,44.75,44.6199,44.745,94599,10
3/10/2020 15:01,44.745,44.94,44.745,44.905,199557,10
3/10/2020 15:02,44.9001,44.92,44.78,44.79,116621,10
3/10/2020 15:03,44.795,44.88,44.7721,44.8761,91490,10
3/10/2020 15:04,44.885,45.08,44.885,45.06,234680,10
3/10/2020 15:05,45.0669,45.22,45.0669,45.21,259866,10
3/10/2020 15:06,45.2161,45.22,45.11,45.1281,162152,10
3/10/2020 15:07,45.13,45.19,45.055,45.1201,137872,10
3/10/2020 15:08,45.1299,45.15,44.95,45.01,161485,10
3/10/2020 15:09,45.03,45.09,45.005,45.05,125446,10
3/10/2020 15:10,45.06,45.1,44.9622,45.02,132581,10
3/10/2020 15:11,45.02,45.14,45.01,45.05,147026,10
3/10/2020 15:12,45.045,45.14,45.035,45.095,141687,10
3/10/2020 15:13,45.1,45.12,45,45.05,112289,10
3/10/2020 15:14,45.06,45.063,44.92,44.9588,133056,10
3/10/2020 15:15,44.9407,44.99,44.8948,44.9801,104318,10
3/10/2020 15:16,44.99,45.01,44.825,44.825,111679,10
3/10/2020 15:17,44.82,44.965,44.79,44.915,100027,10
3/10/2020 15:18,44.92,45.09,44.895,45.04,173223,10
3/10/2020 15:19,45.035,45.12,45.0116,45.1,154681,10
3/10/2020 15:20,45.1,45.2,45.0801,45.14,207459,10
3/10/2020 15:21,45.14,45.15,45.02,45.095,189642,10
3/10/2020 15:22,45.115,45.17,45.075,45.16,118029,10
3/10/2020 15:23,45.1582,45.1701,45.11,45.13,127061,10
3/10/2020 15:24,45.12,45.15,45.0002,45.07,145159,10
3/10/2020 15:25,45.0601,45.11,45.01,45.01,76667,10
3/10/2020 15:26,45.005,45.005,44.82,44.87,166730,10
3/10/2020 15:27,44.86,44.8699,44.702,44.83,227472,10
3/10/2020 15:28,44.82,44.88,44.77,44.83,100159,10
3/10/2020 15:29,44.84,44.89,44.82,44.8543,90475,10
3/10/2020 15:30,44.85,44.87,44.7,44.725,115942,10
3/10/2020 15:31,44.73,44.88,44.73,44.775,125789,10
3/10/2020 15:32,44.775,44.785,44.56,44.62,211824,10
3/10/2020 15:33,44.64,44.81,44.61,44.725,132762,10
3/10/2020 15:34,44.73,44.92,44.7214,44.9099,133135,10
3/10/2020 15:35,44.91,44.91,44.717,44.718,112107,10
3/10/2020 15:36,44.71,44.85,44.67,44.8499,123352,10
3/10/2020 15:37,44.85,44.9,44.81,44.865,94687,10
3/10/2020 15:38,44.86,44.91,44.82,44.8738,73492,10
3/10/2020 15:39,44.88,45,44.84,44.9999,173861,10
3/10/2020 15:40,44.985,45.07,44.96,45.03,239057,10
3/10/2020 15:41,45.0352,45.09,44.94,45,151721,10
3/10/2020 15:42,44.9901,45.05,44.97,45.0499,108246,10
3/10/2020 15:43,45.0437,45.06,44.92,44.965,117229,10
3/10/2020 15:44,44.97,45.04,44.885,44.95,154583,10
3/10/2020 15:45,44.96,44.99,44.82,44.83,153427,10
3/10/2020 15:46,44.84,45.07,44.83,45.0601,135995,10
3/10/2020 15:47,45.06,45.1,45.03,45.0799,164514,10
3/10/2020 15:48,45.0797,45.08,44.9901,45,136686,10
3/10/2020 15:49,45.005,45.0799,44.98,45.02,91218,10
3/10/2020 15:50,45.015,45.1,44.9898,45.0799,166478,10
3/10/2020 15:51,45.07,45.11,45,45.085,201937,10
3/10/2020 15:52,45.08,45.15,45.06,45.1499,194653,10
3/10/2020 15:53,45.14,45.18,45.0584,45.11,220234,10
3/10/2020 15:54,45.11,45.2,45.11,45.2,163497,10
3/10/2020 15:55,45.2,45.25,45.05,45.2301,411792,10
3/10/2020 15:56,45.235,45.25,45.2,45.235,190007,10
3/10/2020 15:57,45.233,45.3,45.2301,45.3,202312,10
3/10/2020 15:58,45.2907,45.32,45.18,45.185,271659,10
3/10/2020 15:59,45.19,45.22,45.15,45.22,305091,10
3/10/2020 16:00,45.22,45.38,45.215,45.38,495455,10
3/11/2020 9:31,44.2,44.2,43.8,44.0061,1533495,11
3/11/2020 9:32,43.96,44.11,43.8443,44.06,430868,11
3/11/2020 9:33,44.06,44.45,44.06,44.33,413187,11
3/11/2020 9:34,44.3495,44.59,44.26,44.45,499318,11
3/11/2020 9:35,44.39,44.39,44.39,44.39,419633,11
3/11/2020 9:36,44.43,44.63,44.28,44.63,582675,11
3/11/2020 9:37,44.58,44.605,44.48,44.48,350299,11
3/11/2020 9:38,44.52,44.64,44.52,44.64,265054,11
3/11/2020 9:39,44.57,44.57,44.5199,44.5199,313434,11
3/11/2020 9:40,44.46,44.46,44.415,44.455,375141,11
3/11/2020 9:41,44.37,44.37,44.149,44.18,404397,11
3/11/2020 9:42,44.3273,44.34,44.1873,44.34,361822,11
3/11/2020 9:43,44.285,44.49,44.285,44.49,353142,11
3/11/2020 9:44,44.5099,44.5099,44.45,44.45,219184,11
3/11/2020 9:45,44.39,44.505,44.39,44.505,294328,11
3/11/2020 9:46,44.45,44.6379,44.45,44.6379,370248,11
3/11/2020 9:47,44.67,44.67,44.5,44.5,246886,11
3/11/2020 9:48,44.4,44.6315,44.4,44.6315,233880,11
3/11/2020 9:49,44.5351,44.61,44.5351,44.61,195511,11
3/11/2020 9:50,44.55,44.56,44.46,44.46,171991,11
3/11/2020 9:51,44.37,44.3899,44.325,44.325,248989,11
3/11/2020 9:52,44.415,44.52,44.415,44.51,258403,11
3/11/2020 9:53,44.45,44.69,44.45,44.69,367192,11
3/11/2020 9:54,44.7,44.82,44.7,44.82,327790,11
3/11/2020 9:55,44.8101,44.8101,44.785,44.785,278414,11
3/11/2020 9:56,44.7718,44.7718,44.6713,44.6713,244969,11
3/11/2020 9:57,44.63,44.802,44.63,44.802,219986,11
3/11/2020 9:58,44.8674,44.9188,44.8493,44.8493,283947,11
3/11/2020 9:59,44.83,44.83,44.75,44.8,160792,11
3/11/2020 10:00,44.74,44.97,44.7,44.87,289714,11
3/11/2020 10:01,44.87,44.9394,44.72,44.92,269575,11
3/11/2020 10:02,44.9114,44.94,44.76,44.78,256032,11
3/11/2020 10:03,44.7706,44.83,44.745,44.765,190325,11
3/11/2020 10:04,44.79,44.8638,44.75,44.7501,184291,11
3/11/2020 10:05,44.76,44.88,44.68,44.85,268876,11
3/11/2020 10:06,44.84,44.94,44.825,44.9184,292610,11
3/11/2020 10:07,44.91,44.98,44.8,44.89,287300,11
3/11/2020 10:08,44.88,45.09,44.81,45.04,368021,11
3/11/2020 10:09,45.0401,45.183,45.03,45.11,347783,11
3/11/2020 10:10,45.11,45.12,44.9789,45.09,226872,11
3/11/2020 10:11,45.09,45.15,44.95,44.96,220727,11
3/11/2020 10:12,44.97,45.05,44.91,45.02,228145,11
3/11/2020 10:13,45.01,45.04,44.91,44.95,287198,11
3/11/2020 10:14,44.955,45.05,44.91,45.02,230588,11
3/11/2020 10:15,45.02,45.05,44.91,44.95,279887,11
3/11/2020 10:16,44.95,44.9696,44.82,44.93,293274,11
3/11/2020 10:17,44.94,45.02,44.8605,45.01,115683,11
3/11/2020 10:18,45.0139,45.03,44.95,45.02,178247,11
3/11/2020 10:19,45.02,45.06,44.9,44.95,289815,11
3/11/2020 10:20,44.95,44.9872,44.88,44.9872,176068,11
3/11/2020 10:21,44.9801,45.02,44.8,44.82,227115,11
3/11/2020 10:22,44.8123,44.89,44.79,44.79,170446,11
3/11/2020 10:23,44.8,44.895,44.73,44.8582,221283,11
3/11/2020 10:24,44.86,44.8627,44.73,44.8,140124,11
3/11/2020 10:25,44.805,44.83,44.74,44.79,125173,11
3/11/2020 10:26,44.8,44.85,44.7,44.83,168880,11
3/11/2020 10:27,44.83,44.85,44.72,44.7279,125673,11
3/11/2020 10:28,44.7299,44.85,44.72,44.787,213627,11
3/11/2020 10:29,44.78,44.79,44.71,44.72,161967,11
3/11/2020 10:30,44.71,44.78,44.651,44.69,176132,11
3/11/2020 10:31,44.69,44.69,44.5481,44.6,371539,11
3/11/2020 10:32,44.59,44.66,44.56,44.6371,231183,11
3/11/2020 10:33,44.645,44.76,44.643,44.7,250627,11
3/11/2020 10:34,44.71,44.74,44.63,44.72,142302,11
3/11/2020 10:35,44.72,44.7601,44.6,44.73,210621,11
3/11/2020 10:36,44.72,44.72,44.6,44.625,116431,11
3/11/2020 10:37,44.6217,44.6217,44.455,44.465,263415,11
3/11/2020 10:38,44.4641,44.655,44.46,44.6546,288331,11
3/11/2020 10:39,44.655,44.82,44.65,44.81,339331,11
3/11/2020 10:40,44.8,44.82,44.725,44.78,406764,11
3/11/2020 10:41,44.775,44.84,44.75,44.76,183645,11
3/11/2020 10:42,44.7501,44.8513,44.75,44.805,238758,11
3/11/2020 10:43,44.8,44.86,44.71,44.74,221239,11
3/11/2020 10:44,44.74,44.755,44.68,44.69,185524,11
3/11/2020 10:45,44.6999,44.78,44.69,44.745,99565,11
3/11/2020 10:46,44.745,44.9,44.721,44.89,214145,11
3/11/2020 10:47,44.9,45.08,44.9,45.02,528116,11
3/11/2020 10:48,45.02,45.02,44.891,44.94,213862,11
3/11/2020 10:49,44.93,45.029,44.875,44.935,174365,11
3/11/2020 10:50,44.93,45,44.75,44.79,290270,11
3/11/2020 10:51,44.78,44.84,44.67,44.6778,205128,11
3/11/2020 10:52,44.67,44.7099,44.57,44.65,319564,11
3/11/2020 10:53,44.64,44.74,44.57,44.59,195165,11
3/11/2020 10:54,44.6,44.62,44.48,44.555,232232,11
3/11/2020 10:55,44.55,44.58,44.48,44.53,136442,11
3/11/2020 10:56,44.5323,44.63,44.52,44.6,174009,11
3/11/2020 10:57,44.605,44.67,44.57,44.63,185355,11
3/11/2020 10:58,44.63,44.67,44.585,44.6,140731,11
3/11/2020 10:59,44.6,44.7091,44.58,44.66,146654,11
3/11/2020 11:00,44.66,44.81,44.655,44.73,232663,11
3/11/2020 11:01,44.72,44.82,44.675,44.715,203822,11
3/11/2020 11:02,44.715,44.85,44.71,44.8,203336,11
3/11/2020 11:03,44.805,44.96,44.8,44.9199,283178,11
3/11/2020 11:04,44.91,44.92,44.82,44.82,137116,11
3/11/2020 11:05,44.82,44.825,44.67,44.69,339468,11
3/11/2020 11:06,44.69,44.77,44.6801,44.71,130655,11
3/11/2020 11:07,44.7116,44.755,44.62,44.67,156360,11
3/11/2020 11:08,44.6633,44.7,44.62,44.655,115740,11
3/11/2020 11:09,44.66,44.695,44.6,44.6,127595,11
3/11/2020 11:10,44.59,44.79,44.56,44.7278,263668,11
3/11/2020 11:11,44.73,44.8,44.6825,44.71,156452,11
3/11/2020 11:12,44.72,44.72,44.59,44.6295,94562,11
3/11/2020 11:13,44.63,44.79,44.61,44.6775,178511,11
3/11/2020 11:14,44.67,44.74,44.63,44.71,110678,11
3/11/2020 11:15,44.69,44.755,44.68,44.7499,139142,11
3/11/2020 11:16,44.73,44.78,44.72,44.72,116164,11
3/11/2020 11:17,44.735,44.775,44.65,44.73,300760,11
3/11/2020 11:18,44.75,44.77,44.7,44.7301,110869,11
3/11/2020 11:19,44.7301,44.76,44.68,44.6899,113145,11
3/11/2020 11:20,44.69,44.705,44.58,44.62,150429,11
3/11/2020 11:21,44.6104,44.67,44.57,44.59,120482,11
3/11/2020 11:22,44.58,44.585,44.49,44.5,241230,11
3/11/2020 11:23,44.505,44.57,44.505,44.52,111592,11
3/11/2020 11:24,44.535,44.67,44.53,44.5301,147200,11
3/11/2020 11:25,44.54,44.5429,44.49,44.5124,123628,11
3/11/2020 11:26,44.5199,44.6,44.51,44.53,115658,11
3/11/2020 11:27,44.54,44.56,44.46,44.53,148380,11
3/11/2020 11:28,44.54,44.57,44.49,44.535,82257,11
3/11/2020 11:29,44.54,44.59,44.52,44.545,94742,11
3/11/2020 11:30,44.55,44.68,44.54,44.6,179786,11
3/11/2020 11:31,44.62,44.64,44.56,44.6,77873,11
3/11/2020 11:32,44.5899,44.65,44.545,44.64,73299,11
3/11/2020 11:33,44.64,44.72,44.615,44.72,112631,11
3/11/2020 11:34,44.715,44.75,44.68,44.74,132105,11
3/11/2020 11:35,44.75,44.75,44.675,44.72,100746,11
3/11/2020 11:36,44.71,44.72,44.65,44.65,71411,11
3/11/2020 11:37,44.66,44.76,44.61,44.76,103151,11
3/11/2020 11:38,44.76,44.79,44.68,44.78,131839,11
3/11/2020 11:39,44.785,44.9,44.785,44.885,242853,11
3/11/2020 11:40,44.88,44.95,44.86,44.9162,154092,11
3/11/2020 11:41,44.9111,44.96,44.86,44.885,132163,11
3/11/2020 11:42,44.885,44.89,44.815,44.8525,97460,11
3/11/2020 11:43,44.85,44.855,44.7201,44.8,155624,11
3/11/2020 11:44,44.8,44.885,44.78,44.7804,108278,11
3/11/2020 11:45,44.785,44.92,44.785,44.86,95052,11
3/11/2020 11:46,44.85,44.97,44.845,44.87,103621,11
3/11/2020 11:47,44.88,44.9,44.8,44.88,114998,11
3/11/2020 11:48,44.87,44.94,44.83,44.93,94202,11
3/11/2020 11:49,44.94,44.99,44.85,44.88,131923,11
3/11/2020 11:50,44.89,44.98,44.87,44.94,123011,11
3/11/2020 11:51,44.94,45.07,44.94,45.05,179754,11
3/11/2020 11:52,45.1,45.1,45.04,45.08,270904,11
3/11/2020 11:53,45.1,45.1027,45.09,45.09,205210,11
3/11/2020 11:56,45.0098,45.01,45,45.01,435707,11
3/11/2020 11:57,45.02,45.0693,44.9599,45.01,145807,11
3/11/2020 11:58,45.01,45.05,44.91,44.935,114067,11
3/11/2020 11:59,44.94,45.03,44.91,45,137666,11
3/11/2020 12:00,45,45.09,44.96,45.03,122950,11
3/11/2020 12:01,45.04,45.0401,44.91,44.93,123073,11
3/11/2020 12:02,44.93,44.97,44.88,44.89,116314,11
3/11/2020 12:03,44.885,44.945,44.87,44.9,87729,11
3/11/2020 12:04,44.9,45.0396,44.87,45.035,135988,11
3/11/2020 12:05,45.04,45.22,45.04,45.1899,261519,11
3/11/2020 12:06,45.18,45.275,45.14,45.2,226942,11
3/11/2020 12:07,45.21,45.23,45.12,45.12,120427,11
3/11/2020 12:08,45.13,45.2,45.08,45.185,113485,11
3/11/2020 12:09,45.19,45.35,45.19,45.34,210696,11
3/11/2020 12:10,45.335,45.53,45.3,45.52,434684,11
3/11/2020 12:11,45.51,45.55,45.46,45.47,210420,11
3/11/2020 12:12,45.475,45.51,45.43,45.46,150207,11
3/11/2020 12:13,45.4603,45.63,45.41,45.6201,194425,11
3/11/2020 12:14,45.62,45.665,45.6,45.6399,218918,11
3/11/2020 12:15,45.6366,45.65,45.52,45.5664,142093,11
3/11/2020 12:16,45.565,45.65,45.53,45.615,110059,11
3/11/2020 12:17,45.62,45.6503,45.58,45.6067,107654,11
3/11/2020 12:18,45.62,45.82,45.62,45.815,278533,11
3/11/2020 12:19,45.82,45.92,45.81,45.895,247177,11
3/11/2020 12:20,45.89,45.96,45.81,45.815,215759,11
3/11/2020 12:21,45.82,45.95,45.81,45.92,184612,11
3/11/2020 12:22,45.925,45.9699,45.8101,45.83,211592,11
3/11/2020 12:23,45.825,45.828,45.6173,45.635,364004,11
3/11/2020 12:24,45.635,45.65,45.59,45.63,155148,11
3/11/2020 12:25,45.6396,45.7219,45.53,45.58,256615,11
3/11/2020 12:26,45.585,45.59,45.52,45.53,127898,11
3/11/2020 12:27,45.5299,45.59,45.46,45.51,205827,11
3/11/2020 12:28,45.5,45.53,45.42,45.475,246041,11
3/11/2020 12:29,45.4901,45.59,45.4804,45.55,188840,11
3/11/2020 12:30,45.62,45.659,45.56,45.63,213576,11
3/11/2020 12:31,45.63,45.69,45.52,45.53,155640,11
3/11/2020 12:32,45.5368,45.63,45.5306,45.6,102086,11
3/11/2020 12:33,45.61,45.73,45.59,45.724,189406,11
3/11/2020 12:34,45.723,45.76,45.65,45.6634,154025,11
3/11/2020 12:35,45.66,45.7,45.58,45.65,158808,11
3/11/2020 12:36,45.65,45.72,45.6,45.6057,122700,11
3/11/2020 12:37,45.6,45.65,45.57,45.6132,163529,11
3/11/2020 12:38,45.6,45.6492,45.5616,45.62,158774,11
3/11/2020 12:39,45.61,45.61,45.32,45.355,361143,11
3/11/2020 12:40,45.345,45.3499,45.17,45.2,339153,11
3/11/2020 12:41,45.1962,45.23,45.1436,45.189,257912,11
3/11/2020 12:42,45.19,45.195,45.1,45.1262,201770,11
3/11/2020 12:43,45.13,45.225,45.06,45.1836,279923,11
3/11/2020 12:44,45.17,45.295,45.14,45.195,275495,11
3/11/2020 12:45,45.19,45.28,45.16,45.22,138483,11
3/11/2020 12:46,45.22,45.31,45.2193,45.27,125941,11
3/11/2020 12:47,45.13,45.14,45.09,45.095,310197,11
3/11/2020 12:48,45.1,45.1065,45.08,45.085,13164,11
3/11/2020 12:50,45.07,45.1,45.0601,45.1,491998,11
3/11/2020 12:51,45.09,45.115,45.01,45.0199,200740,11
3/11/2020 12:52,45.015,45.08,44.97,45.06,253929,11
3/11/2020 12:53,45.06,45.11,44.98,45.01,217699,11
3/11/2020 12:54,45.02,45.06,44.97,45.03,120635,11
3/11/2020 12:55,45.0316,45.07,44.96,44.98,129351,11
3/11/2020 12:56,44.975,44.975,44.88,44.9297,148925,11
3/11/2020 12:57,44.9299,44.98,44.8621,44.885,209081,11
3/11/2020 12:58,44.8854,44.93,44.81,44.88,173850,11
3/11/2020 12:59,44.87,45.03,44.85,44.995,242876,11
3/11/2020 13:00,45,45.07,44.98,44.99,131414,11
3/11/2020 13:01,44.98,45,44.86,44.87,81211,11
3/11/2020 13:02,44.87,44.9463,44.81,44.87,175386,11
3/11/2020 13:03,44.87,44.91,44.8,44.83,119271,11
3/11/2020 13:04,44.82,44.865,44.68,44.7,190342,11
3/11/2020 13:05,44.7,44.72,44.57,44.61,237898,11
3/11/2020 13:06,44.61,44.63,44.5314,44.54,160868,11
3/11/2020 13:07,44.545,44.67,44.51,44.66,255464,11
3/11/2020 13:08,44.65,44.69,44.5816,44.625,133667,11
3/11/2020 13:09,44.62,44.62,44.5599,44.605,109978,11
3/11/2020 13:10,44.61,44.71,44.6,44.7085,214811,11
3/11/2020 13:11,44.71,44.8,44.67,44.72,161562,11
3/11/2020 13:12,44.73,44.805,44.72,44.76,122298,11
3/11/2020 13:13,44.75,44.75,44.65,44.71,127868,11
3/11/2020 13:14,44.715,44.78,44.665,44.73,86284,11
3/11/2020 13:15,44.74,44.775,44.71,44.72,87810,11
3/11/2020 13:16,44.73,44.92,44.71,44.86,201891,11
3/11/2020 13:17,44.86,44.945,44.83,44.9,235879,11
3/11/2020 13:18,44.895,44.92,44.8,44.86,206524,11
3/11/2020 13:19,44.8598,44.91,44.82,44.895,93359,11
3/11/2020 13:20,44.8917,44.94,44.85,44.91,124334,11
3/11/2020 13:21,44.91,45.06,44.905,45.0299,253425,11
3/11/2020 13:22,45.0202,45.05,44.97,45.0004,174327,11
3/11/2020 13:23,45.02,45.04,44.94,44.95,121082,11
3/11/2020 13:24,44.96,44.98,44.86,44.8999,140992,11
3/11/2020 13:25,44.9,44.94,44.87,44.885,81663,11
3/11/2020 13:26,44.89,45.01,44.84,45,137008,11
3/11/2020 13:27,45.0016,45.13,45.0002,45.12,226348,11
3/11/2020 13:28,45.125,45.135,45.0301,45.06,78996,11
3/11/2020 13:29,45.07,45.07,45.002,45.04,67308,11
3/11/2020 13:30,45.06,45.16,45.05,45.1578,122398,11
3/11/2020 13:31,45.16,45.25,45.0986,45.2499,189334,11
3/11/2020 13:32,45.2369,45.25,45.15,45.15,131329,11
3/11/2020 13:33,45.14,45.21,45.125,45.165,78083,11
3/11/2020 13:34,45.165,45.2299,45.15,45.17,126253,11
3/11/2020 13:35,45.165,45.235,45.15,45.2,96415,11
3/11/2020 13:36,45.2,45.225,45.1302,45.165,128512,11
3/11/2020 13:37,45.165,45.195,45.1,45.15,150349,11
3/11/2020 13:38,45.16,45.18,45.135,45.14,62471,11
3/11/2020 13:39,45.15,45.155,45.05,45.06,112398,11
3/11/2020 13:40,45.06,45.12,45.05,45.08,142697,11
3/11/2020 13:41,45.085,45.15,45.06,45.13,95060,11
3/11/2020 13:42,45.13,45.18,45.085,45.09,106183,11
3/11/2020 13:43,45.09,45.0996,45,45.055,195058,11
3/11/2020 13:44,45.06,45.1199,45.03,45.04,110565,11
3/11/2020 13:45,45.04,45.12,45.03,45.075,82534,11
3/11/2020 13:46,45.075,45.14,45.03,45.08,110425,11
3/11/2020 13:47,45.09,45.23,45.09,45.22,208654,11
3/11/2020 13:48,45.22,45.315,45.21,45.225,194774,11
3/11/2020 13:49,45.25,45.39,45.22,45.345,178229,11
3/11/2020 13:50,45.345,45.43,45.34,45.34,202063,11
3/11/2020 13:51,45.3489,45.37,45.26,45.3,95035,11
3/11/2020 13:52,45.3,45.31,45.205,45.26,94911,11
3/11/2020 13:53,45.255,45.265,45.195,45.215,136837,11
3/11/2020 13:54,45.21,45.275,45.1899,45.222,99585,11
3/11/2020 13:55,45.225,45.32,45.225,45.295,140139,11
3/11/2020 13:56,45.3,45.3998,45.3,45.3699,142367,11
3/11/2020 13:57,45.36,45.49,45.36,45.46,199768,11
3/11/2020 13:58,45.46,45.54,45.41,45.4716,292583,11
3/11/2020 13:59,45.475,45.48,45.405,45.43,114551,11
3/11/2020 14:00,45.44,45.51,45.42,45.46,163419,11
3/11/2020 14:01,45.44,45.56,45.425,45.45,162097,11
3/11/2020 14:02,45.44,45.44,45.34,45.3898,157050,11
3/11/2020 14:03,45.3804,45.4199,45.37,45.38,199727,11
3/11/2020 14:04,45.385,45.475,45.37,45.39,195627,11
3/11/2020 14:05,45.4,45.42,45.36,45.3601,110764,11
3/11/2020 14:06,45.36,45.405,45.27,45.36,203756,11
3/11/2020 14:07,45.36,45.385,45.3101,45.325,92717,11
3/11/2020 14:08,45.3299,45.3299,45.14,45.14,224978,11
3/11/2020 14:09,45.14,45.17,45.08,45.1,296978,11
3/11/2020 14:10,45.11,45.15,45.07,45.11,238062,11
3/11/2020 14:11,45.115,45.165,45.085,45.105,168702,11
3/11/2020 14:12,45.11,45.15,45.08,45.105,190775,11
3/11/2020 14:13,45.12,45.1703,45.03,45.16,216931,11
3/11/2020 14:14,45.155,45.172,45.07,45.105,99010,11
3/11/2020 14:15,45.1,45.17,45.07,45.12,130327,11
3/11/2020 14:16,45.12,45.165,45.09,45.16,72528,11
3/11/2020 14:18,45.11,45.14,45.1,45.1298,275907,11
3/11/2020 14:19,45.1301,45.17,45.0512,45.0512,144747,11
3/11/2020 14:20,45.05,45.08,45.01,45.0201,209712,11
3/11/2020 14:21,45.025,45.11,45.02,45.07,140513,11
3/11/2020 14:22,45.065,45.23,45.03,45.195,241639,11
3/11/2020 14:23,45.195,45.195,45.125,45.165,107707,11
3/11/2020 14:24,45.175,45.19,45.13,45.175,112174,11
3/11/2020 14:25,45.17,45.25,45.15,45.245,154601,11
3/11/2020 14:26,45.2485,45.25,45.16,45.195,128283,11
3/11/2020 14:27,45.19,45.23,45.09,45.1,134821,11
3/11/2020 14:28,45.11,45.19,45.1,45.18,158729,11
3/11/2020 14:29,45.18,45.195,45.11,45.17,121107,11
3/11/2020 14:30,45.165,45.19,45.115,45.135,103816,11
3/11/2020 14:31,45.14,45.19,45.12,45.165,155583,11
3/11/2020 14:32,45.16,45.28,45.15,45.28,183549,11
3/11/2020 14:33,45.27,45.41,45.235,45.36,223908,11
3/11/2020 14:34,45.37,45.44,45.26,45.26,206553,11
3/11/2020 14:35,45.26,45.27,45.16,45.2,212658,11
3/11/2020 14:36,45.2015,45.23,45.165,45.205,124949,11
3/11/2020 14:37,45.21,45.265,45.1,45.12,145877,11
3/11/2020 14:38,45.11,45.14,45.05,45.07,144726,11
3/11/2020 14:39,45.08,45.15,45.03,45.12,114815,11
3/11/2020 14:40,45.125,45.305,45.08,45.215,228174,11
3/11/2020 14:41,45.21,45.42,45.21,45.26,336904,11
3/11/2020 14:42,45.26,45.45,45.25,45.36,212978,11
3/11/2020 14:43,45.36,45.48,45.35,45.4585,170651,11
3/11/2020 14:44,45.45,45.46,45.325,45.39,191750,11
3/11/2020 14:45,45.385,45.425,45.25,45.395,313779,11
3/11/2020 14:46,45.4,45.55,45.38,45.52,274289,11
3/11/2020 14:47,45.5199,45.58,45.47,45.48,140060,11
3/11/2020 14:48,45.4608,45.51,45.41,45.43,137807,11
3/11/2020 14:49,45.43,45.54,45.395,45.5065,168917,11
3/11/2020 14:50,45.5,45.51,45.33,45.341,215893,11
3/11/2020 14:51,45.35,45.4,45.31,45.3101,150121,11
3/11/2020 14:52,45.3101,45.435,45.29,45.35,168349,11
3/11/2020 14:53,45.35,45.425,45.24,45.33,177103,11
3/11/2020 14:54,45.33,45.35,45.21,45.2278,118478,11
3/11/2020 14:55,45.22,45.26,45.08,45.11,295132,11
3/11/2020 14:56,45.11,45.25,45.09,45.1,192224,11
3/11/2020 14:57,45.11,45.135,45.03,45.065,205365,11
3/11/2020 14:58,45.08,45.18,45.06,45.175,151087,11
3/11/2020 14:59,45.17,45.29,45.12,45.17,201725,11
3/11/2020 15:00,45.19,45.21,45.08,45.08,84584,11
3/11/2020 15:01,45.08,45.16,45.06,45.11,106396,11
3/11/2020 15:02,45.11,45.16,45.07,45.1533,103442,11
3/11/2020 15:03,45.155,45.175,45.05,45.07,149011,11
3/11/2020 15:04,45.0761,45.0761,44.99,45,284772,11
3/11/2020 15:05,45.01,45.02,44.8802,44.9199,254376,11
3/11/2020 15:06,44.92,44.96,44.795,44.8034,192960,11
3/11/2020 15:07,44.81,44.91,44.7602,44.895,169142,11
3/11/2020 15:08,44.895,44.915,44.825,44.87,231363,11
3/11/2020 15:09,44.87,45.05,44.83,45,276046,11
3/11/2020 15:10,45,45.13,44.9706,45.11,146778,11
3/11/2020 15:11,45.1,45.2599,45.1,45.2301,349277,11
3/11/2020 15:12,45.23,45.245,45.11,45.1401,210041,11
3/11/2020 15:13,45.15,45.2,45.14,45.18,189385,11
3/11/2020 15:14,45.175,45.18,45.11,45.155,121298,11
3/11/2020 15:15,45.15,45.18,45.0401,45.05,132238,11
3/11/2020 15:16,45.06,45.19,45.055,45.1703,149177,11
3/11/2020 15:17,45.18,45.2,45.087,45.18,166921,11
3/11/2020 15:18,45.18,45.28,45.155,45.1799,258934,11
3/11/2020 15:19,45.17,45.33,45.17,45.31,178512,11
3/11/2020 15:20,45.31,45.32,45.161,45.27,169036,11
3/11/2020 15:21,45.275,45.3099,45.2102,45.26,147241,11
3/11/2020 15:22,45.26,45.355,45.25,45.28,205460,11
3/11/2020 15:23,45.285,45.41,45.26,45.31,211495,11
3/11/2020 15:24,45.315,45.335,45.215,45.23,132090,11
3/11/2020 15:25,45.2301,45.27,45.11,45.14,230204,11
3/11/2020 15:26,45.16,45.22,45.1224,45.205,117568,11
3/11/2020 15:27,45.205,45.35,45.205,45.25,195714,11
3/11/2020 15:28,45.26,45.32,45.15,45.18,126344,11
3/11/2020 15:29,45.18,45.43,45.135,45.39,203848,11
3/11/2020 15:30,45.385,45.45,45.29,45.42,285351,11
3/11/2020 15:31,45.4001,45.4315,45.33,45.4,244287,11
3/11/2020 15:32,45.4,45.57,45.38,45.54,295642,11
3/11/2020 15:33,45.55,45.57,45.47,45.54,258037,11
3/11/2020 15:34,45.535,45.65,45.51,45.53,418261,11
3/11/2020 15:35,45.53,45.71,45.515,45.62,605907,11
3/11/2020 15:36,45.625,45.625,45.505,45.52,227134,11
3/11/2020 15:37,45.53,45.65,45.505,45.56,261580,11
3/11/2020 15:38,45.565,45.65,45.53,45.565,236337,11
3/11/2020 15:39,45.5616,45.69,45.54,45.6,200639,11
3/11/2020 15:40,45.6,45.81,45.6,45.77,518585,11
3/11/2020 15:41,45.75,45.79,45.67,45.7655,483142,11
3/11/2020 15:42,45.77,45.83,45.74,45.82,318499,11
3/11/2020 15:43,45.82,45.84,45.66,45.68,338874,11
3/11/2020 15:44,45.67,45.68,45.5384,45.57,335317,11
3/11/2020 15:45,45.575,45.63,45.47,45.55,292099,11
3/11/2020 15:46,45.55,45.67,45.5,45.6599,262692,11
3/11/2020 15:47,45.65,45.715,45.48,45.5,260232,11
3/11/2020 15:48,45.5,45.605,45.49,45.54,204565,11
3/11/2020 15:49,45.54,45.7941,45.53,45.78,313878,11
3/11/2020 15:50,45.785,45.82,45.71,45.71,354893,11
3/11/2020 15:51,45.71,45.71,45.63,45.63,39220,11
3/11/2020 15:53,45.65,45.815,45.63,45.8002,1253325,11
3/11/2020 15:54,45.81,45.94,45.81,45.94,522426,11
3/11/2020 15:55,45.94,45.97,45.61,45.63,589843,11
3/11/2020 15:56,45.62,45.78,45.56,45.6568,323330,11
3/11/2020 15:57,45.65,45.74,45.6301,45.67,1349625,11
3/11/2020 15:58,45.67,45.7,45.6,45.63,291413,11
3/11/2020 15:59,45.63,45.77,45.625,45.76,1461341,11
